window,kind,q,split,lag,placebo,placebo_definition,K,T,kappa_A,kappa_B,F_conv,F_eff_MOP,rho_naive,rho_ols_proxy,rho_2sls,ar_lo,ar_hi,ar_empty,ar_frac_bounded,hac_ar_frac_bounded,ar_projection,conn_naive,conn_2sls,systemic_rank_preserved,seconds
Banking_crypto,shock,0.95,S1,-1,True,"lead_innovation_F:mA_t-1~mB_t+1|H,mB_t,mB_t-1",18,5700,0.6103074525599098,0.5501748376981211,0.5208668796163248,0.47292743430013345,,,,,,False,,,not_applicable_placebo,,,False,0.005568083026446402
Banking_crypto,shock,0.95,S1,1,False,,18,5700,0.6103074525599098,0.5759112283707668,3055.7051673488963,1743.4429733757684,1.4760680966662008,1.3752877839635262,1.3141849469059712,,,True,1.0,1.0,fast_closed_form_outer,,,False,0.24509441602276638
Banking_crypto,shock,0.95,S1,2,False,,18,5700,0.5966138298359823,0.5613779578263679,2905.222727239238,1748.2502253456832,1.4760680966662008,1.4291706532975987,1.387001158580201,,,True,1.0,1.0,fast_closed_form_outer,,,False,0.2448454579571262
Banking_crypto,shock,0.95,S1,5,False,,18,5700,0.5969826046078665,0.5597131891885208,2912.937716953277,1725.224454056439,1.4760680966662008,1.475929850818304,1.462945844570293,,,True,1.0,1.0,fast_closed_form_outer,,,False,0.24276912497589365
Banking_crypto,shock,0.95,S1,10,False,,18,5700,0.6211607210595173,0.5780774243920211,3150.8145400468325,1682.2517769446788,1.4760680966662008,1.504707837089655,1.5130155361866886,,,True,1.0,1.0,fast_closed_form_outer,,,False,0.24179637501947582
Banking_crypto,shock,0.95,S2,-1,True,"lead_innovation_F:mA_t-1~mB_t+1|H,mB_t,mB_t-1",18,5700,0.6114256805302233,0.5339295846843222,3.4766969570777166,2.803001766965929,,,,,,False,,,not_applicable_placebo,,,False,0.005544499959796667
Banking_crypto,shock,0.95,S2,1,False,,18,5700,0.6114256805302233,0.5744967981962573,3028.895991705135,1560.1626603297861,1.4760680966662008,1.3628411851166609,1.2963356501295769,,,True,1.0,1.0,fast_closed_form_outer,,,False,0.24342808400979266
Banking_crypto,shock,0.95,S2,2,False,,18,5700,0.5984499161564545,0.5592839224651464,2878.6167218013047,1563.7719591378273,1.4760680966662008,1.4178481661792104,1.3898627698015638,,,True,1.0,1.0,fast_closed_form_outer,,,False,0.2419636250124313
Banking_crypto,shock,0.95,S2,5,False,,18,5700,0.5988300897233977,0.5578860358120966,2880.0531319516026,1570.3600193036548,1.4760680966662008,1.4722498497672913,1.468678929455098,,,True,1.0,1.0,fast_closed_form_outer,,,False,0.24185033299727365
Banking_crypto,shock,0.95,S2,10,False,,18,5700,0.6170374529986908,0.5820551525342078,3108.3090654700677,1583.500442361461,1.4760680966662008,1.4996229547541706,1.518104508394569,,,True,0.16666666666666666,1.0,fast_closed_form_outer,,,False,0.15001366700744256
Banking_crypto,shock,0.95,S3,-1,True,"lead_innovation_F:mA_t-1~mB_t+1|H,mB_t,mB_t-1",18,5700,0.6232871713081883,0.5270764878185271,0.4494485801000121,0.4722242336552665,,,,,,False,,,not_applicable_placebo,,,False,0.005679416994098574
Banking_crypto,shock,0.95,S3,1,False,,18,5700,0.6232871713081883,0.5610347061298623,3172.2520537274427,1708.677941899406,1.4760680966662008,1.373244449511076,1.308717772263293,,,True,1.0,1.0,fast_closed_form_outer,,,False,0.24273245898075402
Banking_crypto,shock,0.95,S3,2,False,,18,5700,0.6091789715775779,0.5468528345133613,3016.2036668217247,1695.1755849311016,1.4760680966662008,1.4259489199681132,1.3922444313975113,,,True,1.0,1.0,fast_closed_form_outer,,,False,0.24486912495922297
Banking_crypto,shock,0.95,S3,5,False,,18,5700,0.6095532876094355,0.5457482866078783,3011.95957235368,1681.4834206440887,1.4760680966662008,1.4774609336063413,1.4600720756778838,,,True,1.0,1.0,fast_closed_form_outer,,,False,0.24278658302500844
Banking_crypto,shock,0.95,S3,10,False,,18,5700,0.6301908174765283,0.5671355285990795,3261.618807019961,1645.2615253024005,1.4760680966662008,1.5031180811050637,1.511621858717817,,,True,1.0,1.0,fast_closed_form_outer,,,False,0.24232395796570927
Banking_crypto,shock,0.97,S1,-1,True,"lead_innovation_F:mA_t-1~mB_t+1|H,mB_t,mB_t-1",18,5700,0.6235638583797304,0.5543932801578819,1.1836319249377474,1.0965990032477246,,,,,,False,,,not_applicable_placebo,,,False,0.0059201669646427035
Banking_crypto,shock,0.97,S1,1,False,,18,5700,0.6235638583797304,0.5863597014177605,3182.116033336263,1822.8277206654573,1.6134881880838778,1.5054576618196769,1.4388347124069598,,,True,1.0,1.0,fast_closed_form_outer,,,False,0.24329333298373967
Banking_crypto,shock,0.97,S1,2,False,,18,5700,0.6093430071033886,0.5712320395349729,3025.9798432763805,1830.8137036500111,1.6134881880838778,1.5745921842511226,1.529923790555747,,,True,1.0,1.0,fast_closed_form_outer,,,False,0.2422985829762183
Banking_crypto,shock,0.97,S1,5,False,,18,5700,0.6131428219712056,0.5738699312751535,3086.333408929509,1825.8724382072521,1.6134881880838778,1.6144306548784348,1.6070470595703008,,,True,1.0,1.0,fast_closed_form_outer,,,False,0.25312195799779147
Banking_crypto,shock,0.97,S1,10,False,,18,5700,0.6396916606706485,0.5964778602341145,3362.1859587172344,1756.7000236399897,1.6134881880838778,1.6411901583029955,1.647798297818654,,,True,1.0,1.0,fast_closed_form_outer,,,False,0.25404170900583267
Banking_crypto,shock,0.97,S2,-1,True,"lead_innovation_F:mA_t-1~mB_t+1|H,mB_t,mB_t-1",18,5700,0.6223532548560203,0.5379430021510715,4.73812006539589,3.842943602279582,,,,,,False,,,not_applicable_placebo,,,False,0.005667457997333258
Banking_crypto,shock,0.97,S2,1,False,,18,5700,0.6223532548560203,0.587293926279169,3148.549208425845,1643.8541177999978,1.6134881880838778,1.4966083467614262,1.4264992334035427,,,True,1.0,1.0,fast_closed_form_outer,,,False,0.24612074997276068
Banking_crypto,shock,0.97,S2,2,False,,18,5700,0.6085464187254719,0.571673879351632,2994.8279882351503,1650.2798255236671,1.6134881880838778,1.5653913669911665,1.5419181410878309,,,True,1.0,1.0,fast_closed_form_outer,,,False,0.24450629099737853
Banking_crypto,shock,0.97,S2,5,False,,18,5700,0.6122530201981352,0.5749111631025906,3043.736716625167,1656.6118830514326,1.6134881880838778,1.6147555164082013,1.6080401673026992,,,True,1.0,1.0,fast_closed_form_outer,,,False,0.2438244580407627
Banking_crypto,shock,0.97,S2,10,False,,18,5700,0.6340906204519342,0.6021120684526268,3311.363262492978,1677.3016793301051,1.6134881880838778,1.6364414962628988,1.6534160313070014,,,True,0.16666666666666666,1.0,fast_closed_form_outer,,,False,0.15065162495011464
Banking_crypto,shock,0.97,S3,-1,True,"lead_innovation_F:mA_t-1~mB_t+1|H,mB_t,mB_t-1",18,5700,0.6353201047031487,0.5313574622529053,1.08898051006148,1.1268391007880525,,,,,,False,,,not_applicable_placebo,,,False,0.005740374966990203
Banking_crypto,shock,0.97,S3,1,False,,18,5700,0.6353201047031487,0.5723291576107876,3308.092257114556,1731.5032223304881,1.6134881880838778,1.5049371890794412,1.4371819413050428,,,True,1.0,1.0,fast_closed_form_outer,,,False,0.24330141703831032
Banking_crypto,shock,0.97,S3,2,False,,18,5700,0.6210646711688682,0.5572567405733188,3144.72843372615,1711.973466061095,1.6134881880838778,1.5728495099020987,1.5354356655828136,,,True,1.0,1.0,fast_closed_form_outer,,,False,0.2432405420113355
Banking_crypto,shock,0.97,S3,5,False,,18,5700,0.6258286549905766,0.5597176887585608,3191.836041152313,1725.2011399135702,1.6134881880838778,1.6166564154541316,1.604175165655186,,,True,1.0,1.0,fast_closed_form_outer,,,False,0.25690199999371544
Banking_crypto,shock,0.97,S3,10,False,,18,5700,0.6491775086975522,0.5853914081486226,3473.4060443036574,1718.2024248929367,1.6134881880838778,1.637023879969621,1.649033208919384,,,True,1.0,1.0,fast_closed_form_outer,,,False,0.24393250001594424
Control_2022_Aug_A,control,0.95,S1,-1,True,"lead_innovation_F:mA_t-1~mB_t+1|H,mB_t,mB_t-1",18,4260,0.6628742632988346,0.5978695763762126,18.637294290721705,18.472697757329055,,,,,,False,,,not_applicable_placebo,,,False,0.004857791995164007
Control_2022_Aug_A,control,0.95,S1,1,False,,18,4260,0.6628742632988346,0.6614890611284375,2269.1697258027125,666.9716509365858,1.6020433783659296,1.4945785745184674,1.390698020873478,,,True,1.0,1.0,fast_closed_form_outer,,,False,0.20385512500070035
Control_2022_Aug_A,control,0.95,S1,2,False,,18,4260,0.6527913196172411,0.6475589530205192,2174.889446541189,695.518374451303,1.6020433783659296,1.5406632541253344,1.4762237450835765,,,True,1.0,1.0,fast_closed_form_outer,,,False,0.20347791601670906
Control_2022_Aug_A,control,0.95,S1,5,False,,18,4260,0.6446882753100406,0.6368369854290475,2108.0795193688286,826.303142159672,1.6020433783659296,1.5866791025342635,1.5612079597994288,,,True,1.0,1.0,fast_closed_form_outer,,,False,0.20296208397485316
Control_2022_Aug_A,control,0.95,S1,10,False,,18,4260,0.6534963981867503,0.6436662384658578,2168.899763621212,953.0063787259749,1.6020433783659296,1.6110904568336106,1.6073980047826413,,,True,1.0,1.0,fast_closed_form_outer,,,False,0.20392445800825953
Control_2022_Aug_A,control,0.95,S2,-1,True,"lead_innovation_F:mA_t-1~mB_t+1|H,mB_t,mB_t-1",18,4260,0.660937684649822,0.5839040373629529,13.67909767384335,12.665102140608738,,,,,,False,,,not_applicable_placebo,,,False,0.004662583000026643
Control_2022_Aug_A,control,0.95,S2,1,False,,18,4260,0.660937684649822,0.6449220247521487,2309.817490758686,526.4211489318866,1.6020433783659296,1.4800988909107093,1.4020389340516488,,,True,1.0,1.0,fast_closed_form_outer,,,False,0.20447175001027063
Control_2022_Aug_A,control,0.95,S2,2,False,,18,4260,0.6489633641063298,0.6328857512436903,2216.639911668285,550.5547878732295,1.6020433783659296,1.5348890498143188,1.4847374988310678,,,True,1.0,1.0,fast_closed_form_outer,,,False,0.20342779095517471
Control_2022_Aug_A,control,0.95,S2,5,False,,18,4260,0.6415690575651436,0.6223754256933774,2137.9119238166218,665.6247724480147,1.6020433783659296,1.5789050918812118,1.5727317316645746,,,True,1.0,1.0,fast_closed_form_outer,,,False,0.2032075420138426
Control_2022_Aug_A,control,0.95,S2,10,False,,18,4260,0.6451579543034894,0.6342170009132765,2192.1791519140424,779.2362372413437,1.6020433783659296,1.6075507080404468,1.6146489162432325,,,True,1.0,1.0,fast_closed_form_outer,,,False,0.20268170797498897
Control_2022_Aug_A,control,0.95,S3,-1,True,"lead_innovation_F:mA_t-1~mB_t+1|H,mB_t,mB_t-1",18,4260,0.6208773951349622,0.6184907568962692,4.555104457570737,4.713091046827798,,,,,,False,,,not_applicable_placebo,,,False,0.004705583967734128
Control_2022_Aug_A,control,0.95,S3,1,False,,18,4260,0.6208773951349622,0.7039933265186193,2163.4809859927714,648.8479844445654,1.6020433783659296,1.4761509732897669,1.387942907779791,,,True,1.0,1.0,fast_closed_form_outer,,,False,0.21355554199544713
Control_2022_Aug_A,control,0.95,S3,2,False,,18,4260,0.6095057342581076,0.6908551227560163,2078.6099127240636,688.5148979838633,1.6020433783659296,1.5359728716243024,1.468103600261825,,,True,1.0,1.0,fast_closed_form_outer,,,False,0.22962487500626594
Control_2022_Aug_A,control,0.95,S3,5,False,,18,4260,0.6014148375012432,0.6794356809380896,2021.3750628967891,838.5129528263814,1.6020433783659296,1.5883479629136126,1.5576141244200203,,,True,1.0,1.0,fast_closed_form_outer,,,False,0.20310733298538253
Control_2022_Aug_A,control,0.95,S3,10,False,,18,4260,0.6114156663719806,0.6849541507778956,2067.5392256272025,956.6084131151554,1.6020433783659296,1.6060457351694772,1.6187747650291133,,,True,1.0,1.0,fast_closed_form_outer,,,False,0.20324975001858547
Control_2022_Aug_A,control,0.97,S1,-1,True,"lead_innovation_F:mA_t-1~mB_t+1|H,mB_t,mB_t-1",18,4260,0.6661938832982547,0.5994872713093478,18.323560743239007,17.688347095373544,,,,,,False,,,not_applicable_placebo,,,False,0.004700999998021871
Control_2022_Aug_A,control,0.97,S1,1,False,,18,4260,0.6661938832982547,0.6712342219077635,2296.496374017375,685.6807820692894,1.6661723652857376,1.5907683567201756,1.552927989380619,,,True,1.0,1.0,fast_closed_form_outer,,,False,0.20353591605089605
Control_2022_Aug_A,control,0.97,S1,2,False,,18,4260,0.6555153754318187,0.6561172417074992,2197.462927582263,743.0642678743955,1.6661723652857376,1.616109497783166,1.5810774317235892,,,True,1.0,1.0,fast_closed_form_outer,,,False,0.20359091699356213
Control_2022_Aug_A,control,0.97,S1,5,False,,18,4260,0.6504345924783668,0.6450777586939145,2133.141533225857,921.754763455072,1.6661723652857376,1.6468845604541342,1.619772281063662,,,True,1.0,1.0,fast_closed_form_outer,,,False,0.20191595802316442
Control_2022_Aug_A,control,0.97,S1,10,False,,18,4260,0.6551744240391948,0.6475928059822612,2176.2546272201134,1043.749694583182,1.6661723652857376,1.6608724450470036,1.6595108426801028,,,True,1.0,1.0,fast_closed_form_outer,,,False,0.20222141698468477
Control_2022_Aug_A,control,0.97,S2,-1,True,"lead_innovation_F:mA_t-1~mB_t+1|H,mB_t,mB_t-1",18,4260,0.6633150190991586,0.5867115311182829,12.621238127332044,12.238441706924261,,,,,,False,,,not_applicable_placebo,,,False,0.004653499985579401
Control_2022_Aug_A,control,0.97,S2,1,False,,18,4260,0.6633150190991586,0.6542243487031896,2352.5208971196994,616.340397802069,1.6661723652857376,1.5639032300534506,1.5207188834826468,,,True,1.0,1.0,fast_closed_form_outer,,,False,0.20914574997732416
Control_2022_Aug_A,control,0.97,S2,2,False,,18,4260,0.6517977872146049,0.6403311867103931,2250.5937245385203,656.4102191280148,1.6661723652857376,1.6015011151343514,1.5645850998789959,,,True,1.0,1.0,fast_closed_form_outer,,,False,0.20563350000884384
Control_2022_Aug_A,control,0.97,S2,5,False,,18,4260,0.6464243519326115,0.6294971606536476,2188.107966216816,790.0975852246451,1.6661723652857376,1.6385363289987789,1.6229791485732463,,,True,1.0,1.0,fast_closed_form_outer,,,False,0.20194120798259974
Control_2022_Aug_A,control,0.97,S2,10,False,,18,4260,0.6478384596343427,0.6362483131510692,2212.7812583163914,844.7769018824937,1.6661723652857376,1.6615287454907082,1.6600462720784983,,,True,1.0,1.0,fast_closed_form_outer,,,False,0.20202508399961516
Control_2022_Aug_A,control,0.97,S3,-1,True,"lead_innovation_F:mA_t-1~mB_t+1|H,mB_t,mB_t-1",18,4260,0.6258564880697252,0.6203466093961757,5.113793591966798,5.1790476662082545,,,,,,False,,,not_applicable_placebo,,,False,0.004757750022690743
Control_2022_Aug_A,control,0.97,S3,1,False,,18,4260,0.6258564880697252,0.7101226144083289,2218.6968999450182,704.7880577756096,1.6661723652857376,1.5829098000406676,1.5381417852974628,,,True,1.0,1.0,fast_closed_form_outer,,,False,0.2026712080114521
Control_2022_Aug_A,control,0.97,S3,2,False,,18,4260,0.6138354996037602,0.6959231116095713,2127.477825036464,776.8212361913405,1.6661723652857376,1.6149846323785764,1.5751922772765374,,,True,1.0,1.0,fast_closed_form_outer,,,False,0.20222266600467265
Control_2022_Aug_A,control,0.97,S3,5,False,,18,4260,0.605621909333855,0.6869280522328302,2076.381361954811,992.0729665768696,1.6661723652857376,1.6436538584391769,1.6203361293062262,,,True,1.0,1.0,fast_closed_form_outer,,,False,0.20205862500006333
Control_2022_Aug_A,control,0.97,S3,10,False,,18,4260,0.612521260208165,0.688330146628364,2090.359583796897,1045.619086146431,1.6661723652857376,1.6626141315498157,1.6583241402769577,,,True,1.0,1.0,fast_closed_form_outer,,,False,0.20198391698068008
Control_2022_Aug_B,control,0.95,S1,-1,True,"lead_innovation_F:mA_t-1~mB_t+1|H,mB_t,mB_t-1",18,4260,0.7325516838678421,0.6887717619607666,1.0115657650406347,1.0634199432302487,,,,,,False,,,not_applicable_placebo,,,False,0.004648042027838528
Control_2022_Aug_B,control,0.95,S1,1,False,,18,4260,0.7325516838678421,0.6995121153886088,2118.7993711205336,1181.149100440395,1.4176992456116335,1.3369182766526697,1.2838213531486398,,,True,1.0,1.0,fast_closed_form_outer,,,False,0.2073973340447992
Control_2022_Aug_B,control,0.95,S1,2,False,,18,4260,0.7164525085754603,0.6849667002529107,2021.12740394221,1169.4374967356034,1.4176992456116335,1.3848220758414966,1.3531440213847703,,,True,1.0,1.0,fast_closed_form_outer,,,False,0.20644862501649186
Control_2022_Aug_B,control,0.95,S1,5,False,,18,4260,0.715515768666867,0.6874355335406359,2040.9682710514153,1232.9885704083342,1.4176992456116335,1.4176654990507296,1.4104743938349515,,,True,1.0,1.0,fast_closed_form_outer,,,False,0.2058213750133291
Control_2022_Aug_B,control,0.95,S1,10,False,,18,4260,0.7368557355522475,0.7119302537761817,2166.1508245494533,1288.9832785108842,1.4176992456116335,1.4292466436349496,1.4290154652813283,,,True,1.0,1.0,fast_closed_form_outer,,,False,0.20200424996437505
Control_2022_Aug_B,control,0.95,S2,-1,True,"lead_innovation_F:mA_t-1~mB_t+1|H,mB_t,mB_t-1",18,4260,0.7617517476082918,0.641058921042659,6.308825608380017,6.469900697132154,,,,,,False,,,not_applicable_placebo,,,False,0.004742207995150238
Control_2022_Aug_B,control,0.95,S2,1,False,,18,4260,0.7617517476082918,0.6598094183126235,2190.2973905274034,1426.7063997623238,1.4176992456116335,1.3658993805609472,1.3286949481452843,,,True,1.0,1.0,fast_closed_form_outer,,,False,0.20216737495502457
Control_2022_Aug_B,control,0.95,S2,2,False,,18,4260,0.7467383194490194,0.6442232597235807,2096.325292682544,1415.6614483009273,1.4176992456116335,1.3947840364240245,1.380167971705531,,,True,1.0,1.0,fast_closed_form_outer,,,False,0.20475291705224663
Control_2022_Aug_B,control,0.95,S2,5,False,,18,4260,0.746361043064874,0.6470761074872854,2105.6773960521214,1467.2489807824363,1.4176992456116335,1.4145367819515635,1.4171109372100916,,,True,1.0,1.0,fast_closed_form_outer,,,False,0.20398058299906552
Control_2022_Aug_B,control,0.95,S2,10,False,,18,4260,0.7681321043994174,0.6696598560275125,2251.5341734585973,1498.09834897391,1.4176992456116335,1.4235898192536784,1.4282118203116414,,,True,0.16666666666666666,1.0,fast_closed_form_outer,,,False,0.12585516698891297
Control_2022_Aug_B,control,0.95,S3,-1,True,"lead_innovation_F:mA_t-1~mB_t+1|H,mB_t,mB_t-1",18,4260,0.7331488250890669,0.6798955333588673,2.1887635194741306,1.9398633430826324,,,,,,False,,,not_applicable_placebo,,,False,0.004795791988726705
Control_2022_Aug_B,control,0.95,S3,1,False,,18,4260,0.7331488250890669,0.6995424766412572,2320.5103386823876,1507.5835914216852,1.4176992456116335,1.3669721295306592,1.3308104209117237,,,True,1.0,1.0,fast_closed_form_outer,,,False,0.20567295799264684
Control_2022_Aug_B,control,0.95,S3,2,False,,18,4260,0.717930346289844,0.6834332162335461,2221.155383732807,1487.047153501478,1.4176992456116335,1.393398778677538,1.3843183120742548,,,True,1.0,1.0,fast_closed_form_outer,,,False,0.20387233298970386
Control_2022_Aug_B,control,0.95,S3,5,False,,18,4260,0.7178050983974592,0.6853307041428377,2243.3741459773582,1561.6995726654166,1.4176992456116335,1.4166542058315519,1.4140460732233266,,,True,1.0,1.0,fast_closed_form_outer,,,False,0.20223541598534212
Control_2022_Aug_B,control,0.95,S3,10,False,,18,4260,0.7412249477653944,0.7067853809275958,2408.7674433192024,1622.6917775882916,1.4176992456116335,1.4237283098613112,1.427656482892291,,,True,1.0,1.0,fast_closed_form_outer,,,False,0.20359179197112098
Control_2022_Aug_B,control,0.97,S1,-1,True,"lead_innovation_F:mA_t-1~mB_t+1|H,mB_t,mB_t-1",18,4260,0.7371593517176365,0.6909124264953629,1.059633257087975,1.1405638149772255,,,,,,False,,,not_applicable_placebo,,,False,0.00481466599740088
Control_2022_Aug_B,control,0.97,S1,1,False,,18,4260,0.7371593517176365,0.7054091712579165,2149.1789134076557,1240.9789897156,1.354685576611453,1.295559537035225,1.2663267040530848,,,True,1.0,1.0,fast_closed_form_outer,,,False,0.20228724996559322
Control_2022_Aug_B,control,0.97,S1,2,False,,18,4260,0.7222781398021229,0.6914506766482926,2069.6688206882804,1246.3177766810863,1.354685576611453,1.3291187251047356,1.3122745450887319,,,True,1.0,1.0,fast_closed_form_outer,,,False,0.20198708301177248
Control_2022_Aug_B,control,0.97,S1,5,False,,18,4260,0.7271185168997202,0.698443215097023,2124.425800426277,1312.8311545383385,1.354685576611453,1.3537261835077392,1.3421439350965882,,,True,1.0,1.0,fast_closed_form_outer,,,False,0.20549329102504998
Control_2022_Aug_B,control,0.97,S1,10,False,,18,4260,0.7404591495002056,0.7220710785418445,2230.728759946621,1329.417632184712,1.354685576611453,1.3651654196425016,1.3681407869745847,,,True,1.0,1.0,fast_closed_form_outer,,,False,0.20408362499438226
Control_2022_Aug_B,control,0.97,S2,-1,True,"lead_innovation_F:mA_t-1~mB_t+1|H,mB_t,mB_t-1",18,4260,0.7672645268602083,0.6425257781192425,6.574969188807485,6.806801720336507,,,,,,False,,,not_applicable_placebo,,,False,0.0046986660454422235
Control_2022_Aug_B,control,0.97,S2,1,False,,18,4260,0.7672645268602083,0.6654772044524514,2212.651395638863,1462.3562267271716,1.354685576611453,1.3124913386201371,1.2808586576015286,,,True,1.0,1.0,fast_closed_form_outer,,,False,0.202458833984565
Control_2022_Aug_B,control,0.97,S2,2,False,,18,4260,0.7537682934920307,0.6512053565605689,2124.420596900784,1452.275254809168,1.354685576611453,1.3343609363772606,1.3273893411284121,,,True,1.0,1.0,fast_closed_form_outer,,,False,0.20299387502018362
Control_2022_Aug_B,control,0.97,S2,5,False,,18,4260,0.7582839812039165,0.6590664764836466,2172.174807397604,1523.0883756153326,1.354685576611453,1.350628311148654,1.3546375226385454,,,True,1.0,1.0,fast_closed_form_outer,,,False,0.2029478329932317
Control_2022_Aug_B,control,0.97,S2,10,False,,18,4260,0.7753718067177136,0.6781740955405648,2294.325201648036,1540.3251338285104,1.354685576611453,1.3616507102290556,1.3650301724058036,,,True,1.0,1.0,fast_closed_form_outer,,,False,0.20255629101302475
Control_2022_Aug_B,control,0.97,S3,-1,True,"lead_innovation_F:mA_t-1~mB_t+1|H,mB_t,mB_t-1",18,4260,0.739455696164175,0.6804168293047486,3.097113418999196,2.738492032596196,,,,,,False,,,not_applicable_placebo,,,False,0.004733333014883101
Control_2022_Aug_B,control,0.97,S3,1,False,,18,4260,0.739455696164175,0.7022431170477175,2376.9110395045627,1568.9077438696936,1.354685576611453,1.312222852904325,1.2866069899247772,,,True,1.0,1.0,fast_closed_form_outer,,,False,0.20504370803246275
Control_2022_Aug_B,control,0.97,S3,2,False,,18,4260,0.724515151880099,0.688759894999633,2281.4141435068295,1547.8359932492338,1.354685576611453,1.3343956060110624,1.3302803672193888,,,True,1.0,1.0,fast_closed_form_outer,,,False,0.22001937497407198
Control_2022_Aug_B,control,0.97,S3,5,False,,18,4260,0.7297859112906615,0.6964241695924861,2329.899034372177,1604.2696129586047,1.354685576611453,1.3537329012265096,1.3501630654468035,,,True,1.0,1.0,fast_closed_form_outer,,,False,0.20380566699896008
Control_2022_Aug_B,control,0.97,S3,10,False,,18,4260,0.7481753178720005,0.7154074887661988,2460.46197027623,1661.128845913557,1.354685576611453,1.3589505415232566,1.3682667456133604,,,True,1.0,1.0,fast_closed_form_outer,,,False,0.2029508749837987
Control_2022_Oct,control,0.95,S1,-1,True,"lead_innovation_F:mA_t-1~mB_t+1|H,mB_t,mB_t-1",18,4260,0.641809522745628,0.6571146166035327,8.268352855335575,8.37156892042274,,,,,,False,,,not_applicable_placebo,,,False,0.004722665995359421
Control_2022_Oct,control,0.95,S1,1,False,,18,4260,0.641809522745628,0.6716289257910055,1408.7642443587247,566.6262910728077,1.3802627706489476,1.239807299665289,1.1213853171223855,,,True,1.0,1.0,fast_closed_form_outer,,,False,0.20337375003146008
Control_2022_Oct,control,0.95,S1,2,False,,18,4260,0.6244660003941596,0.6522791905000933,1308.5898814675245,596.8506429669095,1.3802627706489476,1.3104874984279522,1.2367750879402184,,,True,1.0,1.0,fast_closed_form_outer,,,False,0.20221208297880366
Control_2022_Oct,control,0.95,S1,5,False,,18,4260,0.6187158824476473,0.6422520941917015,1267.9718164472376,628.0661273623133,1.3802627706489476,1.377279969429123,1.3410459221207953,,,True,1.0,1.0,fast_closed_form_outer,,,False,0.20248470798833296
Control_2022_Oct,control,0.95,S1,10,False,,18,4260,0.6482611874424824,0.6647096804978989,1410.7462371164681,636.0299679661777,1.3802627706489476,1.399050746041133,1.415771516922002,,,True,1.0,1.0,fast_closed_form_outer,,,False,0.2047288750181906
Control_2022_Oct,control,0.95,S2,-1,True,"lead_innovation_F:mA_t-1~mB_t+1|H,mB_t,mB_t-1",18,4260,0.6616442180735231,0.6365279695537006,1.7816177069234767,1.5154487264141014,,,,,,False,,,not_applicable_placebo,,,False,0.0047731249942444265
Control_2022_Oct,control,0.95,S2,1,False,,18,4260,0.6616442180735231,0.6510559032392482,1486.341003464107,536.6611222904329,1.3802627706489476,1.2564741340135377,1.1452917394757207,,,True,1.0,1.0,fast_closed_form_outer,,,False,0.20416329201543704
Control_2022_Oct,control,0.95,S2,2,False,,18,4260,0.6445094374718859,0.6317965540758529,1378.7735823067342,557.9142064473473,1.3802627706489476,1.3262342138977956,1.2359485559209942,,,True,1.0,1.0,fast_closed_form_outer,,,False,0.20182516699424013
Control_2022_Oct,control,0.95,S2,5,False,,18,4260,0.6376582521187624,0.6233697888512069,1328.624998156851,586.3805154978638,1.3802627706489476,1.3649052719158143,1.3647975989480718,,,True,1.0,1.0,fast_closed_form_outer,,,False,0.2032797909923829
Control_2022_Oct,control,0.95,S2,10,False,,18,4260,0.6594102094458254,0.6518254484574412,1491.9680132052288,625.2687777159915,1.3802627706489476,1.3928073794817406,1.4255237183935214,,,True,1.0,1.0,fast_closed_form_outer,,,False,0.22649433300830424
Control_2022_Oct,control,0.95,S3,-1,True,"lead_innovation_F:mA_t-1~mB_t+1|H,mB_t,mB_t-1",18,4260,0.6769736486026091,0.6201340354360615,8.314992541009198,9.36812368551727,,,,,,False,,,not_applicable_placebo,,,False,0.004785291035659611
Control_2022_Oct,control,0.95,S3,1,False,,18,4260,0.6769736486026091,0.6384359532403316,1461.477633971147,528.5655180492811,1.3802627706489476,1.2505417791499018,1.1398217385178742,,,True,1.0,1.0,fast_closed_form_outer,,,False,0.20325029199011624
Control_2022_Oct,control,0.95,S3,2,False,,18,4260,0.6586818914284704,0.6198723010997623,1360.1205262258534,548.0081202742035,1.3802627706489476,1.3172345507586949,1.2442424751534997,,,True,1.0,1.0,fast_closed_form_outer,,,False,0.20292887499090284
Control_2022_Oct,control,0.95,S3,5,False,,18,4260,0.6506819864688465,0.6119490640384931,1317.6289145527428,584.723265900305,1.3802627706489476,1.368404649323272,1.3580448788280404,,,True,1.0,1.0,fast_closed_form_outer,,,False,0.20579187502153218
Control_2022_Oct,control,0.95,S3,10,False,,18,4260,0.6800442056893985,0.6344806191127984,1471.9471190867198,619.0676337748871,1.3802627706489476,1.4066970601034392,1.4018865002574965,,,True,1.0,1.0,fast_closed_form_outer,,,False,0.20334708300651982
Control_2022_Oct,control,0.97,S1,-1,True,"lead_innovation_F:mA_t-1~mB_t+1|H,mB_t,mB_t-1",18,4260,0.6414176560744358,0.6564113475454105,8.288298905576397,8.30707132370641,,,,,,False,,,not_applicable_placebo,,,False,0.004935915989335626
Control_2022_Oct,control,0.97,S1,1,False,,18,4260,0.6414176560744358,0.6671880513258251,1396.3100198407085,622.5657764017026,1.4605734886466546,1.3657453597300133,1.2865965522975087,,,True,1.0,1.0,fast_closed_form_outer,,,False,0.20298449997790158
Control_2022_Oct,control,0.97,S1,2,False,,18,4260,0.624401784981553,0.6470391547071633,1292.4576737240961,658.0783232625447,1.4605734886466546,1.4194873605625504,1.3732171102792683,,,True,1.0,1.0,fast_closed_form_outer,,,False,0.20267295802477747
Control_2022_Oct,control,0.97,S1,5,False,,18,4260,0.625714624540265,0.6436732260066738,1290.0757712761238,666.5653907286312,1.4605734886466546,1.4513199187181804,1.436323131455303,,,True,1.0,1.0,fast_closed_form_outer,,,False,0.21516999998129904
Control_2022_Oct,control,0.97,S1,10,False,,18,4260,0.659675483756872,0.6733101476907175,1468.8784070393283,629.125245958793,1.4605734886466546,1.4744685830638438,1.4894959288913157,,,True,1.0,1.0,fast_closed_form_outer,,,False,0.20632425002986565
Control_2022_Oct,control,0.97,S2,-1,True,"lead_innovation_F:mA_t-1~mB_t+1|H,mB_t,mB_t-1",18,4260,0.6592103179392961,0.6361713108052605,1.5880168199534126,1.3315035582326675,,,,,,False,,,not_applicable_placebo,,,False,0.004709624976385385
Control_2022_Oct,control,0.97,S2,1,False,,18,4260,0.6592103179392961,0.6486072392878511,1472.7093352833722,605.2001383392311,1.4605734886466546,1.364245235246912,1.2695293003083896,,,True,1.0,1.0,fast_closed_form_outer,,,False,0.20573691598838195
Control_2022_Oct,control,0.97,S2,2,False,,18,4260,0.6425323469114459,0.6279411987878383,1365.4065920871963,626.941322113281,1.4605734886466546,1.4216948647640786,1.3644707212528273,,,True,1.0,1.0,fast_closed_form_outer,,,False,0.20296154194511473
Control_2022_Oct,control,0.97,S2,5,False,,18,4260,0.6417908131597413,0.6273765000847402,1352.3214042092395,621.2686867628673,1.4605734886466546,1.449831002305501,1.4369477294698738,,,True,1.0,1.0,fast_closed_form_outer,,,False,0.20229437499074265
Control_2022_Oct,control,0.97,S2,10,False,,18,4260,0.669712265513163,0.6610592391198346,1556.1556552307882,624.4196239394921,1.4605734886466546,1.468377097017747,1.5022128286606051,,,True,1.0,1.0,fast_closed_form_outer,,,False,0.2017868339898996
Control_2022_Oct,control,0.97,S3,-1,True,"lead_innovation_F:mA_t-1~mB_t+1|H,mB_t,mB_t-1",18,4260,0.6756103938216009,0.619729604051236,8.113587553190653,8.91773238980015,,,,,,False,,,not_applicable_placebo,,,False,0.004983499995432794
Control_2022_Oct,control,0.97,S3,1,False,,18,4260,0.6756103938216009,0.6345111330746168,1452.284565981249,585.1407075267847,1.4605734886466546,1.3597185238516567,1.2703888015326312,,,True,1.0,1.0,fast_closed_form_outer,,,False,0.20340591704007238
Control_2022_Oct,control,0.97,S3,2,False,,18,4260,0.6576923630249722,0.6150463933024488,1347.4746084263409,603.9485723576927,1.4605734886466546,1.4182771314616516,1.3662042350092778,,,True,1.0,1.0,fast_closed_form_outer,,,False,0.20679270796244964
Control_2022_Oct,control,0.97,S3,5,False,,18,4260,0.6562565969572867,0.6142507159770627,1344.3799408383409,618.9759904090652,1.4605734886466546,1.4491949650675346,1.4368117193069407,,,True,1.0,1.0,fast_closed_form_outer,,,False,0.20288866601185873
Control_2022_Oct,control,0.97,S3,10,False,,18,4260,0.6895138507672478,0.6441805751693847,1539.0921651653516,638.4426767925012,1.4605734886466546,1.4817252723789027,1.4776817577853996,,,True,1.0,1.0,fast_closed_form_outer,,,False,0.2020394999999553
Control_2023_Feb,control,0.95,S1,-1,True,"lead_innovation_F:mA_t-1~mB_t+1|H,mB_t,mB_t-1",18,4260,0.6303769691354069,0.5105548062806151,3.573286863944536,3.294838837836438,,,,,,False,,,not_applicable_placebo,,,False,0.004776082991156727
Control_2023_Feb,control,0.95,S1,1,False,,18,4260,0.6303769691354069,0.5893378085183139,1171.0640607031557,553.5914029899423,1.6197342615969006,1.539767944895518,1.441842863146201,,,True,1.0,1.0,fast_closed_form_outer,,,False,0.20416362502146512
Control_2023_Feb,control,0.95,S1,2,False,,18,4260,0.6224077458218663,0.5790672381314137,1122.7400313543335,563.6085557559074,1.6197342615969006,1.5842872584418959,1.513236994470408,,,True,1.0,1.0,fast_closed_form_outer,,,False,0.20313345902832225
Control_2023_Feb,control,0.95,S1,5,False,,18,4260,0.6166065211608103,0.5666743573986903,1079.3883011320186,593.9203939208578,1.6197342615969006,1.6111971626012758,1.5687375337090421,,,True,1.0,1.0,fast_closed_form_outer,,,False,0.20480241702171043
Control_2023_Feb,control,0.95,S1,10,False,,18,4260,0.6315054703583924,0.5736100972675837,1139.5754380562942,638.6766133839348,1.6197342615969006,1.6427010779197133,1.6482081446748578,,,True,1.0,1.0,fast_closed_form_outer,,,False,0.2025830420316197
Control_2023_Feb,control,0.95,S2,-1,True,"lead_innovation_F:mA_t-1~mB_t+1|H,mB_t,mB_t-1",18,4260,0.6055495409949584,0.5498372752784202,7.555497796061847,8.398327339765325,,,,,,False,,,not_applicable_placebo,,,False,0.004765624995343387
Control_2023_Feb,control,0.95,S2,1,False,,18,4260,0.6055495409949584,0.6111648293081892,1415.570649427715,650.5018637078713,1.6197342615969006,1.5533824220844388,1.4866667629698065,,,True,1.0,1.0,fast_closed_form_outer,,,False,0.20271670899819583
Control_2023_Feb,control,0.95,S2,2,False,,18,4260,0.5969465440536503,0.6010100265968069,1361.5025790057348,669.6162303184464,1.6197342615969006,1.5860052795046535,1.554717030399279,,,True,1.0,1.0,fast_closed_form_outer,,,False,0.20503516600001603
Control_2023_Feb,control,0.95,S2,5,False,,18,4260,0.5881818413019437,0.5908760504518688,1308.944533572178,711.7433743718584,1.6197342615969006,1.6028264664094667,1.6039207575662948,,,True,1.0,1.0,fast_closed_form_outer,,,False,0.20395166700473055
Control_2023_Feb,control,0.95,S2,10,False,,18,4260,0.5951558653517642,0.6064867305523713,1366.6840356196092,725.2292623791321,1.6197342615969006,1.6288896074614156,1.6571966855423872,,,True,1.0,1.0,fast_closed_form_outer,,,False,0.2024206249625422
Control_2023_Feb,control,0.95,S3,-1,True,"lead_innovation_F:mA_t-1~mB_t+1|H,mB_t,mB_t-1",18,4260,0.6271733404877742,0.5343895021861154,16.357263938552222,15.056635600124247,,,,,,False,,,not_applicable_placebo,,,False,0.0046206669649109244
Control_2023_Feb,control,0.95,S3,1,False,,18,4260,0.6271733404877742,0.5948570314006074,1410.518961611778,643.6881329839127,1.6197342615969006,1.540702278470441,1.4671042762324407,,,True,1.0,1.0,fast_closed_form_outer,,,False,0.20424108405131847
Control_2023_Feb,control,0.95,S3,2,False,,18,4260,0.6180549292773402,0.5849913121925958,1358.2322824300823,668.9528352587135,1.6197342615969006,1.5795245915308156,1.5442803178654514,,,True,1.0,1.0,fast_closed_form_outer,,,False,0.20361266698455438
Control_2023_Feb,control,0.95,S3,5,False,,18,4260,0.6088021442576217,0.5762451697825531,1297.8104989146748,723.7384068606287,1.6197342615969006,1.6017156480277315,1.6003761464645339,,,True,1.0,1.0,fast_closed_form_outer,,,False,0.2030079590040259
Control_2023_Feb,control,0.95,S3,10,False,,18,4260,0.6186612034983525,0.5896108569903884,1354.5568623849763,779.4947664103331,1.6197342615969006,1.6273904381575863,1.6692723251598702,,,True,0.0,1.0,fast_closed_form_outer,,,False,0.1101670420030132
Control_2023_Feb,control,0.97,S1,-1,True,"lead_innovation_F:mA_t-1~mB_t+1|H,mB_t,mB_t-1",18,4260,0.6340663201094667,0.5096361842797278,4.100735139621104,3.886742576135485,,,,,,False,,,not_applicable_placebo,,,False,0.004788584017660469
Control_2023_Feb,control,0.97,S1,1,False,,18,4260,0.6340663201094667,0.5866526727959971,1186.406655253247,573.5299000840315,1.5862708739622204,1.5126922129767866,1.4252671767983944,,,True,1.0,1.0,fast_closed_form_outer,,,False,0.22553241695277393
Control_2023_Feb,control,0.97,S1,2,False,,18,4260,0.6260619614226888,0.578723914642347,1137.4792896160118,573.2729379036235,1.5862708739622204,1.5470529603571586,1.493804964094937,,,True,1.0,1.0,fast_closed_form_outer,,,False,0.20290550001664087
Control_2023_Feb,control,0.97,S1,5,False,,18,4260,0.6217689742891525,0.5692624264317032,1109.6154573830765,617.3831234951265,1.5862708739622204,1.581575197359536,1.5615410833454408,,,True,1.0,1.0,fast_closed_form_outer,,,False,0.20320045796688646
Control_2023_Feb,control,0.97,S1,10,False,,18,4260,0.6367881607985162,0.5825905398868941,1176.0322767809678,637.8290176535484,1.5862708739622204,1.6090619421522916,1.6253720040205413,,,True,1.0,1.0,fast_closed_form_outer,,,False,0.20379558397689834
Control_2023_Feb,control,0.97,S2,-1,True,"lead_innovation_F:mA_t-1~mB_t+1|H,mB_t,mB_t-1",18,4260,0.6066434172378615,0.5499638436612565,7.833151847385259,8.331537790925932,,,,,,False,,,not_applicable_placebo,,,False,0.004691166977863759
Control_2023_Feb,control,0.97,S2,1,False,,18,4260,0.6066434172378615,0.6115277695668437,1426.4480395392718,662.0806111703098,1.5862708739622204,1.5131804360983345,1.4411784137000074,,,True,1.0,1.0,fast_closed_form_outer,,,False,0.20260662504006177
Control_2023_Feb,control,0.97,S2,2,False,,18,4260,0.5988760356650601,0.6023034690943998,1377.9913692837235,683.0407640981952,1.5862708739622204,1.5469076006359155,1.5041936869688945,,,True,1.0,1.0,fast_closed_form_outer,,,False,0.20234579197131097
Control_2023_Feb,control,0.97,S2,5,False,,18,4260,0.5919306744918111,0.5961060842588324,1332.621641356267,712.558172364846,1.5862708739622204,1.5710825960096573,1.5844487341167461,,,True,1.0,1.0,fast_closed_form_outer,,,False,0.2014010000275448
Control_2023_Feb,control,0.97,S2,10,False,,18,4260,0.6005845045865508,0.6149447854998867,1415.4835858029678,736.4150651572847,1.5862708739622204,1.5993934425482257,1.6311118508744886,,,True,1.0,1.0,fast_closed_form_outer,,,False,0.20098270801827312
Control_2023_Feb,control,0.97,S3,-1,True,"lead_innovation_F:mA_t-1~mB_t+1|H,mB_t,mB_t-1",18,4260,0.6265067480022893,0.5344884298443365,17.042824754180575,15.270372915244602,,,,,,False,,,not_applicable_placebo,,,False,0.0046211250009946525
Control_2023_Feb,control,0.97,S3,1,False,,18,4260,0.6265067480022893,0.5960328509477092,1429.8553837375578,654.72530777318,1.5862708739622204,1.5142401834712786,1.446216424985185,,,True,1.0,1.0,fast_closed_form_outer,,,False,0.21049854200100526
Control_2023_Feb,control,0.97,S3,2,False,,18,4260,0.6183920126307039,0.5871492007509846,1381.06486294872,678.7362468824388,1.5862708739622204,1.5456780818561981,1.5120678709072373,,,True,1.0,1.0,fast_closed_form_outer,,,False,0.20237791701219976
Control_2023_Feb,control,0.97,S3,5,False,,18,4260,0.6132378285852924,0.5795961598564442,1332.5935449945543,739.8557781809164,1.5862708739622204,1.5760664273521492,1.5764122600706094,,,True,1.0,1.0,fast_closed_form_outer,,,False,0.2007937920279801
Control_2023_Feb,control,0.97,S3,10,False,,18,4260,0.6249958974685079,0.5963233391890852,1411.4771971818411,783.016921064696,1.5862708739622204,1.5968541451328502,1.6501404397232453,,,True,1.0,1.0,fast_closed_form_outer,,,False,0.20077762502478436
Control_2023_Jan,control,0.95,S1,-1,True,"lead_innovation_F:mA_t-1~mB_t+1|H,mB_t,mB_t-1",18,4260,0.595591972256472,0.5753481209776011,3.1088739827654703,2.7831498030280044,,,,,,False,,,not_applicable_placebo,,,False,0.004757166025228798
Control_2023_Jan,control,0.95,S1,1,False,,18,4260,0.595591972256472,0.6548647038258424,1653.7480050750294,406.0932606862201,2.137325076951515,1.9605016821680359,1.8829312673990202,,,True,1.0,1.0,fast_closed_form_outer,,,False,0.20336804096587002
Control_2023_Jan,control,0.95,S1,2,False,,18,4260,0.5772373219414915,0.6375644178733054,1534.1992642762605,429.56924089276083,2.137325076951515,2.045833068027253,1.987593158047502,,,True,1.0,1.0,fast_closed_form_outer,,,False,0.20220075000543147
Control_2023_Jan,control,0.95,S1,5,False,,18,4260,0.5714357449526712,0.6256149864314507,1466.2925204354237,481.67255781062227,2.137325076951515,2.12993203851044,2.0983300418846493,,,True,1.0,1.0,fast_closed_form_outer,,,False,0.20164275000570342
Control_2023_Jan,control,0.95,S1,10,False,,18,4260,0.5951546013809015,0.6433140015399307,1578.4781888933244,454.007433407427,2.137325076951515,2.1700168380425944,2.208478002171609,,,True,1.0,1.0,fast_closed_form_outer,,,False,0.2032644169521518
Control_2023_Jan,control,0.95,S2,-1,True,"lead_innovation_F:mA_t-1~mB_t+1|H,mB_t,mB_t-1",18,4260,0.6060737758065015,0.5606499187542744,6.396636420438375,6.839502971299582,,,,,,False,,,not_applicable_placebo,,,False,0.004761959018651396
Control_2023_Jan,control,0.95,S2,1,False,,18,4260,0.6060737758065015,0.627614084357514,1962.680070089203,542.5968453774751,2.137325076951515,1.9767548019450236,1.9178794417097158,,,True,1.0,1.0,fast_closed_form_outer,,,False,0.20322766702156514
Control_2023_Jan,control,0.95,S2,2,False,,18,4260,0.5890501370588914,0.6086122903511828,1827.3135638067934,575.9766799235956,2.137325076951515,2.052950118899698,2.009563164462788,,,True,1.0,1.0,fast_closed_form_outer,,,False,0.20165504096075892
Control_2023_Jan,control,0.95,S2,5,False,,18,4260,0.5808550775324216,0.5985746102599555,1757.6129909779727,653.131339775254,2.137325076951515,2.1240157085663576,2.114589338908997,,,True,1.0,1.0,fast_closed_form_outer,,,False,0.2013643749523908
Control_2023_Jan,control,0.95,S2,10,False,,18,4260,0.5999304951947214,0.6198649098297468,1901.3110181798052,673.4150868020299,2.137325076951515,2.1697267985750948,2.1984704800849686,,,True,1.0,1.0,fast_closed_form_outer,,,False,0.20347404200583696
Control_2023_Jan,control,0.95,S3,-1,True,"lead_innovation_F:mA_t-1~mB_t+1|H,mB_t,mB_t-1",18,4260,0.5721264053264317,0.590385240636033,11.501202643825067,10.71115862235563,,,,,,False,,,not_applicable_placebo,,,False,0.004725082952063531
Control_2023_Jan,control,0.95,S3,1,False,,18,4260,0.5721264053264317,0.6681892584744411,1796.1628717440797,469.50121728914195,2.137325076951515,1.9840528341836168,1.9086877883641988,,,True,1.0,1.0,fast_closed_form_outer,,,False,0.2022423330345191
Control_2023_Jan,control,0.95,S3,2,False,,18,4260,0.5560902945772983,0.6479863941988537,1674.9167701686104,492.3435285112669,2.137325076951515,2.066913273567197,2.0032322869206594,,,True,1.0,1.0,fast_closed_form_outer,,,False,0.2015273330034688
Control_2023_Jan,control,0.95,S3,5,False,,18,4260,0.5472945720290248,0.6383283661086634,1618.8218342471973,556.2697751436954,2.137325076951515,2.119542367576733,2.124282127394469,,,True,1.0,1.0,fast_closed_form_outer,,,False,0.20360179099952802
Control_2023_Jan,control,0.95,S3,10,False,,18,4260,0.561883546577682,0.6642439333963527,1753.304341867598,574.701928030452,2.137325076951515,2.1636252211449047,2.2085197246525783,,,True,0.7777777777777778,1.0,fast_closed_form_outer,,,False,0.17387312499340624
Control_2023_Jan,control,0.97,S1,-1,True,"lead_innovation_F:mA_t-1~mB_t+1|H,mB_t,mB_t-1",18,4260,0.6044392251563098,0.5777326362735363,3.925112493856885,3.4950969681342676,,,,,,False,,,not_applicable_placebo,,,False,0.004811250022612512
Control_2023_Jan,control,0.97,S1,1,False,,18,4260,0.6044392251563098,0.6592044481349749,1679.093486456112,432.26240898248204,2.0504388587423716,1.8678660461782184,1.789511807181403,,,True,1.0,1.0,fast_closed_form_outer,,,False,0.2014979170053266
Control_2023_Jan,control,0.97,S1,2,False,,18,4260,0.585198035238653,0.6413031559789589,1556.4596362529583,474.9145934021525,2.0504388587423716,1.9580990006406818,1.886519103912713,,,True,1.0,1.0,fast_closed_form_outer,,,False,0.20412691700039431
Control_2023_Jan,control,0.97,S1,5,False,,18,4260,0.5796291967830198,0.6304193239138052,1505.4505061350367,541.3090795553202,2.0504388587423716,2.0600353168937486,2.0491419338137957,,,True,1.0,1.0,fast_closed_form_outer,,,False,0.20179029100108892
Control_2023_Jan,control,0.97,S1,10,False,,18,4260,0.6147918530759888,0.6564274392062136,1677.0146409849433,474.5160186912046,2.0504388587423716,2.07557972929975,2.1162599689509554,,,True,0.9444444444444444,1.0,fast_closed_form_outer,,,False,0.1883955829543993
Control_2023_Jan,control,0.97,S2,-1,True,"lead_innovation_F:mA_t-1~mB_t+1|H,mB_t,mB_t-1",18,4260,0.612083531663845,0.5630081177642713,7.247361333120428,7.475025992732049,,,,,,False,,,not_applicable_placebo,,,False,0.004810708982404321
Control_2023_Jan,control,0.97,S2,1,False,,18,4260,0.612083531663845,0.6334518896010146,2010.6994522412165,553.7544532904702,2.0504388587423716,1.8937278512329938,1.8337192910002564,,,True,1.0,1.0,fast_closed_form_outer,,,False,0.20384170900797471
Control_2023_Jan,control,0.97,S2,2,False,,18,4260,0.5941412200931773,0.6135147230451826,1875.4422603993937,614.4169916846872,2.0504388587423716,1.9690783851450417,1.924497400182967,,,True,1.0,1.0,fast_closed_form_outer,,,False,0.20210841699736193
Control_2023_Jan,control,0.97,S2,5,False,,18,4260,0.5871791084735115,0.6048260155047197,1809.426284755197,718.2469435518916,2.0504388587423716,2.0531926230542976,2.056647606840684,,,True,1.0,1.0,fast_closed_form_outer,,,False,0.2035668749595061
Control_2023_Jan,control,0.97,S2,10,False,,18,4260,0.6132944053479373,0.6391859252193401,2020.539149229226,745.0082846221138,2.0504388587423716,2.0723559535927305,2.0901893165833934,,,True,1.0,1.0,fast_closed_form_outer,,,False,0.20452345797093585
Control_2023_Jan,control,0.97,S3,-1,True,"lead_innovation_F:mA_t-1~mB_t+1|H,mB_t,mB_t-1",18,4260,0.5773094652593846,0.5930171608766809,13.363151756382868,12.964456417758589,,,,,,False,,,not_applicable_placebo,,,False,0.004658874997403473
Control_2023_Jan,control,0.97,S3,1,False,,18,4260,0.5773094652593846,0.6739634867459366,1851.1879777192364,495.8450557758461,2.0504388587423716,1.8853240928308541,1.7977284598412253,,,True,1.0,1.0,fast_closed_form_outer,,,False,0.20215233403723687
Control_2023_Jan,control,0.97,S3,2,False,,18,4260,0.5607801205079058,0.6528917545238515,1723.8727909213753,538.4126032045654,2.0504388587423716,1.9674206055501913,1.9049633456493493,,,True,1.0,1.0,fast_closed_form_outer,,,False,0.20128037495305762
Control_2023_Jan,control,0.97,S3,5,False,,18,4260,0.5522960619477895,0.6447192806005111,1680.6704284289178,632.7363869342762,2.0504388587423716,2.046534198266987,2.0696247427677528,,,True,1.0,1.0,fast_closed_form_outer,,,False,0.200902332959231
Control_2023_Jan,control,0.97,S3,10,False,,18,4260,0.5735626137964933,0.6831203598801551,1891.4266412221552,645.7750917917132,2.0504388587423716,2.07338261040073,2.105146147815943,,,True,1.0,1.0,fast_closed_form_outer,,,False,0.20122641697525978
FTX_collapse,shock,0.95,S1,-1,True,"lead_innovation_F:mA_t-1~mB_t+1|H,mB_t,mB_t-1",18,4260,0.5127582803498877,0.5314515901151081,28.544914464554363,26.771779650089396,,,,,,False,,,not_applicable_placebo,,,False,0.004706457955762744
FTX_collapse,shock,0.95,S1,1,False,,18,4260,0.5127582803498877,0.5977766035796344,4182.702120120003,1397.2275781641838,1.8357691177073379,1.5635347477865729,1.4646534249906784,,,True,1.0,1.0,fast_closed_form_outer,,,False,0.20401599997421727
FTX_collapse,shock,0.95,S1,2,False,,18,4260,0.4928014183335721,0.5748815435841824,3913.423122963558,1437.359494937167,1.8357691177073379,1.6482904176818718,1.6032833351826878,,,True,1.0,1.0,fast_closed_form_outer,,,False,0.20376516703981906
FTX_collapse,shock,0.95,S1,5,False,,18,4260,0.47652903899134247,0.5594523339879411,3707.4892457262904,1528.182442647014,1.8357691177073379,1.825068478366854,1.8381207775124442,,,True,1.0,1.0,fast_closed_form_outer,,,False,0.20479808299569413
FTX_collapse,shock,0.95,S1,10,False,,18,4260,0.5091277546535746,0.5979769337068888,4164.560564348029,1450.4449486340338,1.8357691177073379,1.9002352128255686,1.936273325197459,,,True,0.0,1.0,fast_closed_form_outer,,,False,0.1102042089914903
FTX_collapse,shock,0.95,S2,-1,True,"lead_innovation_F:mA_t-1~mB_t+1|H,mB_t,mB_t-1",18,4260,0.5503032046728773,0.4747084202217626,12.324094088717262,13.135564720659783,,,,,,False,,,not_applicable_placebo,,,False,0.004642583953682333
FTX_collapse,shock,0.95,S2,1,False,,18,4260,0.5503032046728773,0.5546749616402615,4960.548861735762,2127.287180175402,1.8357691177073379,1.5372817652957027,1.4732425177735857,,,True,1.0,1.0,fast_closed_form_outer,,,False,0.20371591701405123
FTX_collapse,shock,0.95,S2,2,False,,18,4260,0.5274156088681587,0.5343485440904245,4638.778222846196,2221.7579234732916,1.8357691177073379,1.6530717015368712,1.605661731157558,,,True,1.0,1.0,fast_closed_form_outer,,,False,0.20336295798188075
FTX_collapse,shock,0.95,S2,5,False,,18,4260,0.5114199935912677,0.5181822706064073,4407.668313108367,2269.0288733945595,1.8357691177073379,1.8388708653730879,1.8195811086240923,,,True,1.0,1.0,fast_closed_form_outer,,,False,0.2033581249997951
FTX_collapse,shock,0.95,S2,10,False,,18,4260,0.5501637049005285,0.5523428232441958,4886.761783384863,1858.3940893093175,1.8357691177073379,1.9025860706471078,1.9121448471937106,,,True,0.0,1.0,fast_closed_form_outer,,,False,0.11038270802237093
FTX_collapse,shock,0.95,S3,-1,True,"lead_innovation_F:mA_t-1~mB_t+1|H,mB_t,mB_t-1",18,4260,0.5442584657097167,0.47410577119375164,6.307360066626612,6.532028203511878,,,,,,False,,,not_applicable_placebo,,,False,0.004678416007664055
FTX_collapse,shock,0.95,S3,1,False,,18,4260,0.5442584657097167,0.5601630155833205,4860.458414916604,2564.7339435875056,1.8357691177073379,1.547579181411545,1.4249928556253653,,,True,1.0,1.0,fast_closed_form_outer,,,False,0.20311424997635186
FTX_collapse,shock,0.95,S3,2,False,,18,4260,0.523150238289241,0.5384170372285106,4532.694818400161,2563.789485086296,1.8357691177073379,1.6606588677597052,1.5695672105157652,,,True,1.0,1.0,fast_closed_form_outer,,,False,0.20318650000263005
FTX_collapse,shock,0.95,S3,5,False,,18,4260,0.5084903874036684,0.5212571249867488,4290.728701900743,2473.4754447464547,1.8357691177073379,1.8383881348006528,1.821424690388464,,,True,1.0,1.0,fast_closed_form_outer,,,False,0.20208499999716878
FTX_collapse,shock,0.95,S3,10,False,,18,4260,0.551498276349148,0.55149307358899,4744.373141045218,2374.1244733724047,1.8357691177073379,1.906394964942789,1.9082061513277002,,,True,0.1111111111111111,1.0,fast_closed_form_outer,,,False,0.11842591600725427
FTX_collapse,shock,0.97,S1,-1,True,"lead_innovation_F:mA_t-1~mB_t+1|H,mB_t,mB_t-1",18,4260,0.5253016125550086,0.5332358685595661,30.611258357331025,27.63608612342778,,,,,,False,,,not_applicable_placebo,,,False,0.004785583005286753
FTX_collapse,shock,0.97,S1,1,False,,18,4260,0.5253016125550086,0.6031953783244283,4290.007208831611,1444.1608914878677,1.866592616851592,1.6515520895249316,1.584041109239129,,,True,1.0,1.0,fast_closed_form_outer,,,False,0.2043030000058934
FTX_collapse,shock,0.97,S1,2,False,,18,4260,0.5062379139657994,0.5812935804973265,4033.489052655475,1474.2929726612242,1.866592616851592,1.7001686553117856,1.6682363052834068,,,True,1.0,1.0,fast_closed_form_outer,,,False,0.2023652499774471
FTX_collapse,shock,0.97,S1,5,False,,18,4260,0.49205604318555857,0.5704473734920046,3876.19007349492,1535.9777127749796,1.866592616851592,1.877040332603284,1.9036122909504347,,,True,1.0,1.0,fast_closed_form_outer,,,False,0.20253320800838992
FTX_collapse,shock,0.97,S1,10,False,,18,4260,0.5335258988858016,0.6150965976092696,4430.511592741508,1388.2090687558377,1.866592616851592,1.9121864514260976,1.9326866211583393,,,True,0.9444444444444444,1.0,fast_closed_form_outer,,,False,0.18700004101265222
FTX_collapse,shock,0.97,S2,-1,True,"lead_innovation_F:mA_t-1~mB_t+1|H,mB_t,mB_t-1",18,4260,0.5584417682820423,0.47708826241664903,13.394453224699248,14.361497185563927,,,,,,False,,,not_applicable_placebo,,,False,0.004646959016099572
FTX_collapse,shock,0.97,S2,1,False,,18,4260,0.5584417682820423,0.5645467497847582,5095.293107552675,2234.9394840715718,1.866592616851592,1.6535864388336283,1.6089978741605406,,,True,1.0,1.0,fast_closed_form_outer,,,False,0.2011967499856837
FTX_collapse,shock,0.97,S2,2,False,,18,4260,0.5359447247907805,0.5455841967714122,4794.613743007373,2305.1904781969197,1.866592616851592,1.7122591460875363,1.674767001247593,,,True,1.0,1.0,fast_closed_form_outer,,,False,0.20282116695307195
FTX_collapse,shock,0.97,S2,5,False,,18,4260,0.5234220219440028,0.5327565753509101,4615.518581488224,2273.9426423300692,1.866592616851592,1.8932418766094001,1.8792821511780575,,,True,1.0,1.0,fast_closed_form_outer,,,False,0.2032214580103755
FTX_collapse,shock,0.97,S2,10,False,,18,4260,0.5711647065919151,0.5731769809754714,5201.951071196913,1708.903094995509,1.866592616851592,1.9079460334266982,1.912321565971482,,,True,0.0,1.0,fast_closed_form_outer,,,False,0.11023454100359231
FTX_collapse,shock,0.97,S3,-1,True,"lead_innovation_F:mA_t-1~mB_t+1|H,mB_t,mB_t-1",18,4260,0.5544027300248395,0.476133354229176,6.989579753003479,7.379809170046036,,,,,,False,,,not_applicable_placebo,,,False,0.004653875017538667
FTX_collapse,shock,0.97,S3,1,False,,18,4260,0.5544027300248395,0.5684804142820441,4970.636616427957,2656.7471311912036,1.866592616851592,1.6542041214468586,1.5708910032222294,,,True,1.0,1.0,fast_closed_form_outer,,,False,0.20423816598486155
FTX_collapse,shock,0.97,S3,2,False,,18,4260,0.5350766912191807,0.5469623922319271,4653.150067745723,2615.49146598992,1.866592616851592,1.7177940947731516,1.6462525610078063,,,True,1.0,1.0,fast_closed_form_outer,,,False,0.20484408299671486
FTX_collapse,shock,0.97,S3,5,False,,18,4260,0.5252443950511578,0.5318622617952918,4460.226489384856,2507.4833132414165,1.866592616851592,1.8908039361871964,1.8828805090287655,,,True,1.0,1.0,fast_closed_form_outer,,,False,0.20223024999722838
FTX_collapse,shock,0.97,S3,10,False,,18,4260,0.5746536723496621,0.5706607915944908,5027.713211535112,2353.087379265157,1.866592616851592,1.90878522890605,1.9095294999928687,,,True,0.9444444444444444,1.0,fast_closed_form_outer,,,False,0.18717879196628928
Terra_Luna,shock,0.95,S1,-1,True,"lead_innovation_F:mA_t-1~mB_t+1|H,mB_t,mB_t-1",18,5700,0.46539565662105703,0.4252184392652547,2.900927821022797,2.807719950494799,,,,,,False,,,not_applicable_placebo,,,False,0.005846875021234155
Terra_Luna,shock,0.95,S1,1,False,,18,5700,0.46539565662105703,0.46955427988870674,9478.977992413096,4338.515167094833,1.7862748878777837,1.6397807297888196,1.6239651925633445,,,True,1.0,1.0,fast_closed_form_outer,,,False,0.24828516598790884
Terra_Luna,shock,0.95,S1,2,False,,18,5700,0.45454469447190726,0.45992021301308117,9197.736497299216,4383.946313423004,1.7862748878777837,1.7136147569717086,1.704399404358645,,,True,1.0,1.0,fast_closed_form_outer,,,False,0.24432220903690904
Terra_Luna,shock,0.95,S1,5,False,,18,5700,0.44863110732093847,0.4546110729091457,9082.357764624985,4504.233412324896,1.7862748878777837,1.7831556305956013,1.7754930099201354,,,True,1.0,1.0,fast_closed_form_outer,,,False,0.24311666697030887
Terra_Luna,shock,0.95,S1,10,False,,18,5700,0.4636706569955002,0.4667548272017858,9499.41228422089,4576.315243531125,1.7862748878777837,1.8034153306451732,1.8094868848625716,,,True,0.0,1.0,fast_closed_form_outer,,,False,0.1338067909819074
Terra_Luna,shock,0.95,S2,-1,True,"lead_innovation_F:mA_t-1~mB_t+1|H,mB_t,mB_t-1",18,5700,0.48372919685582677,0.397870714399907,4.075377785034419,3.7710989141409956,,,,,,False,,,not_applicable_placebo,,,False,0.0056084999814629555
Terra_Luna,shock,0.95,S2,1,False,,18,5700,0.48372919685582677,0.4475956022202408,9931.368001683933,5486.541558888911,1.7862748878777837,1.6769867180603857,1.6530235072816757,,,True,1.0,1.0,fast_closed_form_outer,,,False,0.24116791697451845
Terra_Luna,shock,0.95,S2,2,False,,18,5700,0.4743807304855405,0.4367018659484966,9620.983111372245,5316.958333439255,1.7862748878777837,1.731190107004571,1.7180071273967832,,,True,1.0,1.0,fast_closed_form_outer,,,False,0.24135124997701496
Terra_Luna,shock,0.95,S2,5,False,,18,5700,0.4692639290935788,0.43115314032587987,9442.485614175903,5034.738004967281,1.7862748878777837,1.7781538122122567,1.7847687904810874,,,True,1.0,1.0,fast_closed_form_outer,,,False,0.24433116702130064
Terra_Luna,shock,0.95,S2,10,False,,18,5700,0.4814200203710627,0.44598911856759876,9869.268744027062,5195.909955345614,1.7862748878777837,1.7999099052414556,1.8053099438814468,,,True,0.3333333333333333,1.0,fast_closed_form_outer,,,False,0.16748100001132116
Terra_Luna,shock,0.95,S3,-1,True,"lead_innovation_F:mA_t-1~mB_t+1|H,mB_t,mB_t-1",18,5700,0.45323703449424463,0.4208847882936281,1.809196275916624,1.8073690059824175,,,,,,False,,,not_applicable_placebo,,,False,0.005623792007099837
Terra_Luna,shock,0.95,S3,1,False,,18,5700,0.45323703449424463,0.47746852525994965,9661.521993067443,4505.077651287458,1.7862748878777837,1.6544486671036887,1.6284021160916688,,,True,1.0,1.0,fast_closed_form_outer,,,False,0.24581404199125245
Terra_Luna,shock,0.95,S3,2,False,,18,5700,0.4433212168743965,0.467040667573559,9366.912835999203,4461.269991321234,1.7862748878777837,1.7252680774348783,1.701199359025243,,,True,1.0,1.0,fast_closed_form_outer,,,False,0.24250529101118445
Terra_Luna,shock,0.95,S3,5,False,,18,5700,0.43877515122187577,0.46088907909938887,9171.120590720768,4451.342375466385,1.7862748878777837,1.7870994500281807,1.7721106554862152,,,True,1.0,1.0,fast_closed_form_outer,,,False,0.2451326249865815
Terra_Luna,shock,0.95,S3,10,False,,18,5700,0.45334433295817855,0.47332036697601126,9575.100068488453,4550.018647602079,1.7862748878777837,1.8031078836382033,1.8032749055048969,,,True,0.0,1.0,fast_closed_form_outer,,,False,0.13314895797520876
Terra_Luna,shock,0.97,S1,-1,True,"lead_innovation_F:mA_t-1~mB_t+1|H,mB_t,mB_t-1",18,5700,0.49134379954440927,0.4313507893962523,5.120695976236835,4.917073563544963,,,,,,False,,,not_applicable_placebo,,,False,0.005788624985143542
Terra_Luna,shock,0.97,S1,1,False,,18,5700,0.49134379954440927,0.49615533466703704,10266.58361423519,4404.821526322569,2.004961718286121,1.9285702927033221,1.9151856550703243,,,True,1.0,1.0,fast_closed_form_outer,,,False,0.24554137501399964
Terra_Luna,shock,0.97,S1,2,False,,18,5700,0.4797053116763038,0.4863380912467883,9967.770013617497,4380.1628186061025,2.004961718286121,1.9689533602466187,1.9643546594130359,,,True,1.0,1.0,fast_closed_form_outer,,,False,0.24299974995665252
Terra_Luna,shock,0.97,S1,5,False,,18,5700,0.47523415460654406,0.4817735535916145,9819.347975193992,4519.485139279249,2.004961718286121,2.00066201880575,1.9967274033279987,,,True,1.0,1.0,fast_closed_form_outer,,,False,0.24379758298164234
Terra_Luna,shock,0.97,S1,10,False,,18,5700,0.4864160536663257,0.4903799315711403,10128.225284247541,4811.75856614472,2.004961718286121,2.0052295183161504,2.0069687660607194,,,True,1.0,1.0,fast_closed_form_outer,,,False,0.24260304198833182
Terra_Luna,shock,0.97,S2,-1,True,"lead_innovation_F:mA_t-1~mB_t+1|H,mB_t,mB_t-1",18,5700,0.509614554097677,0.4035640491405588,5.369811217323179,4.9667716767662595,,,,,,False,,,not_applicable_placebo,,,False,0.005501124949660152
Terra_Luna,shock,0.97,S2,1,False,,18,5700,0.509614554097677,0.47466776964674257,10675.099035933692,5766.532278572262,2.004961718286121,1.9340706945678823,1.9115554761479556,,,True,1.0,1.0,fast_closed_form_outer,,,False,0.24504524999065325
Terra_Luna,shock,0.97,S2,2,False,,18,5700,0.5001161065389577,0.46286846262579484,10362.97230519999,5562.65097979973,2.004961718286121,1.9724021710839277,1.9606699779969525,,,True,1.0,1.0,fast_closed_form_outer,,,False,0.2443166670273058
Terra_Luna,shock,0.97,S2,5,False,,18,5700,0.4962054413428719,0.4575108883611068,10256.28297639319,5444.239875842474,2.004961718286121,1.9979933515848916,1.9983403528156471,,,True,1.0,1.0,fast_closed_form_outer,,,False,0.2424902920029126
Terra_Luna,shock,0.97,S2,10,False,,18,5700,0.5034015120867031,0.46985188913373466,10569.22668517966,5546.716549589239,2.004961718286121,2.006139694337267,2.0071343325768303,,,True,0.3333333333333333,1.0,fast_closed_form_outer,,,False,0.1666967500350438
Terra_Luna,shock,0.97,S3,-1,True,"lead_innovation_F:mA_t-1~mB_t+1|H,mB_t,mB_t-1",18,5700,0.4778554965901178,0.4266794679821575,3.5428460729629734,3.4056367935026697,,,,,,False,,,not_applicable_placebo,,,False,0.005592082976363599
Terra_Luna,shock,0.97,S3,1,False,,18,5700,0.4778554965901178,0.5052065715848651,10470.771841984099,4620.736038337877,2.004961718286121,1.9208410292085978,1.8992007615992461,,,True,1.0,1.0,fast_closed_form_outer,,,False,0.24562599998898804
Terra_Luna,shock,0.97,S3,2,False,,18,5700,0.4673421375940681,0.4943171609365281,10170.449930883145,4637.009051799686,2.004961718286121,1.9692675911338227,1.9521107318190172,,,True,1.0,1.0,fast_closed_form_outer,,,False,0.24325158301508054
Terra_Luna,shock,0.97,S3,5,False,,18,5700,0.4636220841089745,0.4890003753599637,10000.357946660397,4715.796372535826,2.004961718286121,2.000494078431994,1.9919459143529235,,,True,1.0,1.0,fast_closed_form_outer,,,False,0.24456895800540224
Terra_Luna,shock,0.97,S3,10,False,,18,5700,0.4741355398857542,0.4985783828230353,10236.804718873056,4716.576215929207,2.004961718286121,2.0062346927266446,2.0048501130068606,,,True,0.3333333333333333,1.0,fast_closed_form_outer,,,False,0.16664283303543925
