window,q,asset,hansen_J,p,df
Banking_crypto,0.95,ADAUSDT,0.2729158155012042,0.6013824914719725,1
Banking_crypto,0.95,ATOMUSDT,5.841771652000596,0.015650060820856515,1
Banking_crypto,0.95,AVAXUSDT,1.302806186733647,0.2537012768684559,1
Banking_crypto,0.95,BCHUSDT,3.113666176019847,0.07763802034081924,1
Banking_crypto,0.95,BNBUSDT,0.22462682668314637,0.6355368987775905,1
Banking_crypto,0.95,BTCUSDT,3.233621640556235,0.0721409854163978,1
Banking_crypto,0.95,DOGEUSDT,0.052807258295086014,0.8182485064374903,1
Banking_crypto,0.95,DOTUSDT,0.9757275685986696,0.3232558818175375,1
Banking_crypto,0.95,ETCUSDT,3.7103447634581976,0.054076220299133615,1
Banking_crypto,0.95,ETHUSDT,2.489043817053345,0.1146413551983605,1
Banking_crypto,0.95,FILUSDT,0.3085928050656556,0.5785449827541332,1
Banking_crypto,0.95,LINKUSDT,5.1660925150692085,0.023031966745744037,1
Banking_crypto,0.95,LTCUSDT,0.981722837173355,0.32177383525002545,1
Banking_crypto,0.95,NEARUSDT,0.14322159330699735,0.7050990872982773,1
Banking_crypto,0.95,SOLUSDT,5.675374339266014,0.01720466840636825,1
Banking_crypto,0.95,TRXUSDT,0.555261448749226,0.45617580262727087,1
Banking_crypto,0.95,UNIUSDT,0.16577028558535656,0.6838985769444896,1
Banking_crypto,0.95,XRPUSDT,1.0115602405798965,0.3145293436268062,1
Banking_crypto,0.97,ADAUSDT,0.7998051366824475,0.37115163683395025,1
Banking_crypto,0.97,ATOMUSDT,1.850636571966299,0.17370937542200293,1
Banking_crypto,0.97,AVAXUSDT,0.14117063288306927,0.7071200071958077,1
Banking_crypto,0.97,BCHUSDT,2.233558404052765,0.13504252185825272,1
Banking_crypto,0.97,BNBUSDT,0.1084393312720587,0.7419279787189232,1
Banking_crypto,0.97,BTCUSDT,0.20560019920609526,0.6502379995153813,1
Banking_crypto,0.97,DOGEUSDT,1.503183978657331,0.22018210401316285,1
Banking_crypto,0.97,DOTUSDT,1.0440615938724638,0.30687873047430336,1
Banking_crypto,0.97,ETCUSDT,3.2264170824247773,0.07245905746649872,1
Banking_crypto,0.97,ETHUSDT,1.4553482240877336,0.2276717196718172,1
Banking_crypto,0.97,FILUSDT,0.1442141332601272,0.7041270219455388,1
Banking_crypto,0.97,LINKUSDT,4.5893318108470105,0.032171553904981165,1
Banking_crypto,0.97,LTCUSDT,0.911397603564748,0.33974386514009847,1
Banking_crypto,0.97,NEARUSDT,0.04707473524900053,0.8282339616712393,1
Banking_crypto,0.97,SOLUSDT,7.82644876715354,0.005148715996896036,1
Banking_crypto,0.97,TRXUSDT,0.09555838144478104,0.7572263001465086,1
Banking_crypto,0.97,UNIUSDT,0.004987837683501305,0.9436965112765441,1
Banking_crypto,0.97,XRPUSDT,0.5176262193634769,0.47185602946095573,1
Control_2022_Aug_A,0.95,ADAUSDT,1.0708508458267743,0.3007533389652971,1
Control_2022_Aug_A,0.95,ATOMUSDT,0.21355052372579914,0.6439986595881784,1
Control_2022_Aug_A,0.95,AVAXUSDT,0.3086232167376638,0.5785262658770559,1
Control_2022_Aug_A,0.95,BCHUSDT,0.5270847836684532,0.46783506209362347,1
Control_2022_Aug_A,0.95,BNBUSDT,2.8183800498883995,0.09319041256660288,1
Control_2022_Aug_A,0.95,BTCUSDT,0.21245282310607072,0.6448516618031332,1
Control_2022_Aug_A,0.95,DOGEUSDT,5.636640879540479,0.017588874934827414,1
Control_2022_Aug_A,0.95,DOTUSDT,0.006628866620844779,0.935109652415703,1
Control_2022_Aug_A,0.95,ETCUSDT,1.3665499014652456,0.24240554394645641,1
Control_2022_Aug_A,0.95,ETHUSDT,0.5470408535734224,0.45952932687490333,1
Control_2022_Aug_A,0.95,FILUSDT,0.015217516688901998,0.9018225854124878,1
Control_2022_Aug_A,0.95,LINKUSDT,0.6067002393615615,0.43603294033717455,1
Control_2022_Aug_A,0.95,LTCUSDT,0.0026084497782323302,0.9592673628818646,1
Control_2022_Aug_A,0.95,NEARUSDT,3.7127965830529126,0.053996849194127394,1
Control_2022_Aug_A,0.95,SOLUSDT,0.5234546915323834,0.469371717839404,1
Control_2022_Aug_A,0.95,TRXUSDT,0.16256762986500795,0.6868034806553023,1
Control_2022_Aug_A,0.95,UNIUSDT,1.1969872595522535,0.273924660544106,1
Control_2022_Aug_A,0.95,XRPUSDT,0.1720636433392866,0.6782842572175896,1
Control_2022_Aug_A,0.97,ADAUSDT,0.10137533871247072,0.750185374959851,1
Control_2022_Aug_A,0.97,ATOMUSDT,1.0244643185195939,0.31146239577813895,1
Control_2022_Aug_A,0.97,AVAXUSDT,0.2233121804238189,0.6365277095452626,1
Control_2022_Aug_A,0.97,BCHUSDT,0.18948255333000602,0.6633476331995801,1
Control_2022_Aug_A,0.97,BNBUSDT,0.0044474436123513985,0.9468291668483608,1
Control_2022_Aug_A,0.97,BTCUSDT,3.298588267714095,0.06933945208192305,1
Control_2022_Aug_A,0.97,DOGEUSDT,6.539911005576473,0.010548062566428373,1
Control_2022_Aug_A,0.97,DOTUSDT,0.1325117394201223,0.7158418653617129,1
Control_2022_Aug_A,0.97,ETCUSDT,0.19432467563362146,0.6593413397643506,1
Control_2022_Aug_A,0.97,ETHUSDT,0.21019327584753897,0.6466159585628322,1
Control_2022_Aug_A,0.97,FILUSDT,0.0025730285346738857,0.9595446323153144,1
Control_2022_Aug_A,0.97,LINKUSDT,0.6571353603800153,0.41757309410834675,1
Control_2022_Aug_A,0.97,LTCUSDT,0.21574724487477795,0.6422995870793582,1
Control_2022_Aug_A,0.97,NEARUSDT,0.5158015413608141,0.4726381406289988,1
Control_2022_Aug_A,0.97,SOLUSDT,0.14445345800561132,0.7038932071384202,1
Control_2022_Aug_A,0.97,TRXUSDT,0.24815474823862096,0.6183773832511592,1
Control_2022_Aug_A,0.97,UNIUSDT,0.6367429233141779,0.42489269862345913,1
Control_2022_Aug_A,0.97,XRPUSDT,0.3794165119720505,0.5379156747717586,1
Control_2022_Aug_B,0.95,ADAUSDT,0.8959905787794082,0.343859064151963,1
Control_2022_Aug_B,0.95,ATOMUSDT,0.6830311839043273,0.40854489700795626,1
Control_2022_Aug_B,0.95,AVAXUSDT,1.2853711846039275,0.2569027379514732,1
Control_2022_Aug_B,0.95,BCHUSDT,2.7094735878231693,0.0997539039615174,1
Control_2022_Aug_B,0.95,BNBUSDT,3.543935362012735,0.05976350834756694,1
Control_2022_Aug_B,0.95,BTCUSDT,5.0205906742461375,0.025047623279210396,1
Control_2022_Aug_B,0.95,DOGEUSDT,2.5244557538810146,0.1120934494339132,1
Control_2022_Aug_B,0.95,DOTUSDT,0.4286218679025671,0.5126659525665624,1
Control_2022_Aug_B,0.95,ETCUSDT,2.447097773111968,0.11774238423814776,1
Control_2022_Aug_B,0.95,ETHUSDT,4.324502272237442,0.037567399549409575,1
Control_2022_Aug_B,0.95,FILUSDT,6.985162083979986,0.0082188209732581,1
Control_2022_Aug_B,0.95,LINKUSDT,4.645209224246185,0.031140340910028153,1
Control_2022_Aug_B,0.95,LTCUSDT,0.003084729992443749,0.9557079883745743,1
Control_2022_Aug_B,0.95,NEARUSDT,1.778334610505865,0.18235395971448765,1
Control_2022_Aug_B,0.95,SOLUSDT,0.24092394553837423,0.6235395876570138,1
Control_2022_Aug_B,0.95,TRXUSDT,1.1842058083077127,0.27650143685262696,1
Control_2022_Aug_B,0.95,UNIUSDT,0.0968790752857297,0.7556075064322566,1
Control_2022_Aug_B,0.95,XRPUSDT,4.225995719993861,0.039809254924192405,1
Control_2022_Aug_B,0.97,ADAUSDT,0.22691517694784463,0.633820672435331,1
Control_2022_Aug_B,0.97,ATOMUSDT,0.1848842413310178,0.6672089709279931,1
Control_2022_Aug_B,0.97,AVAXUSDT,0.18943983562214395,0.6633832468832452,1
Control_2022_Aug_B,0.97,BCHUSDT,0.766497117381299,0.38130288323472694,1
Control_2022_Aug_B,0.97,BNBUSDT,0.009610255429823451,0.9219069546713876,1
Control_2022_Aug_B,0.97,BTCUSDT,1.2285559063767018,0.26768806380934995,1
Control_2022_Aug_B,0.97,DOGEUSDT,6.273396201344049,0.012256400168897508,1
Control_2022_Aug_B,0.97,DOTUSDT,0.015907382089494933,0.8996333973887444,1
Control_2022_Aug_B,0.97,ETCUSDT,5.477669827523718,0.01926091802238905,1
Control_2022_Aug_B,0.97,ETHUSDT,3.704207921418821,0.05427542656790463,1
Control_2022_Aug_B,0.97,FILUSDT,0.8983287518801492,0.3432302297662412,1
Control_2022_Aug_B,0.97,LINKUSDT,1.356932185585085,0.24406986897763494,1
Control_2022_Aug_B,0.97,LTCUSDT,0.1040277177600487,0.7470487286354066,1
Control_2022_Aug_B,0.97,NEARUSDT,1.7426811976479861,0.18679945957026234,1
Control_2022_Aug_B,0.97,SOLUSDT,0.9852628708886711,0.3209029329293692,1
Control_2022_Aug_B,0.97,TRXUSDT,3.4796127706191218,0.062129276578511305,1
Control_2022_Aug_B,0.97,UNIUSDT,0.0038274491856557596,0.9506692397041242,1
Control_2022_Aug_B,0.97,XRPUSDT,1.9281732148686495,0.1649584429985531,1
Control_2022_Oct,0.95,ADAUSDT,0.06609587293702954,0.7971083889608881,1
Control_2022_Oct,0.95,ATOMUSDT,3.5534159403967864,0.0594230003225682,1
Control_2022_Oct,0.95,AVAXUSDT,0.39439973541493745,0.5299957330113041,1
Control_2022_Oct,0.95,BCHUSDT,7.312156240473023,0.006848969583176823,1
Control_2022_Oct,0.95,BNBUSDT,0.19593323489709846,0.6580236425982189,1
Control_2022_Oct,0.95,BTCUSDT,0.04909514075305357,0.8246453429543541,1
Control_2022_Oct,0.95,DOGEUSDT,0.8793929329650327,0.348368004072923,1
Control_2022_Oct,0.95,DOTUSDT,0.907305874100997,0.34083026155150487,1
Control_2022_Oct,0.95,ETCUSDT,0.01018924157370099,0.9195966822327918,1
Control_2022_Oct,0.95,ETHUSDT,0.04375229607719418,0.8343151443459472,1
Control_2022_Oct,0.95,FILUSDT,2.665057928612244,0.10257409025866648,1
Control_2022_Oct,0.95,LINKUSDT,0.028405066312032948,0.8661600308377997,1
Control_2022_Oct,0.95,LTCUSDT,1.4307287317262034,0.23164554590760456,1
Control_2022_Oct,0.95,NEARUSDT,1.1667545865912694,0.2800690904105655,1
Control_2022_Oct,0.95,SOLUSDT,0.34563530618822297,0.5565943377321783,1
Control_2022_Oct,0.95,TRXUSDT,1.1792633009615892,0.277506023864179,1
Control_2022_Oct,0.95,UNIUSDT,0.005960117699962894,0.9384630108799613,1
Control_2022_Oct,0.95,XRPUSDT,0.08577016632815387,0.7696250055588076,1
Control_2022_Oct,0.97,ADAUSDT,0.7067588206198254,0.4005219092978388,1
Control_2022_Oct,0.97,ATOMUSDT,0.0023136163400890707,0.9616364936831956,1
Control_2022_Oct,0.97,AVAXUSDT,0.10665684282077978,0.7439828550274001,1
Control_2022_Oct,0.97,BCHUSDT,6.845943033237994,0.008884279001143192,1
Control_2022_Oct,0.97,BNBUSDT,0.008432302908244598,0.9268350376274814,1
Control_2022_Oct,0.97,BTCUSDT,0.02284235360482688,0.8798677481496193,1
Control_2022_Oct,0.97,DOGEUSDT,1.2719434856813052,0.2594023997281516,1
Control_2022_Oct,0.97,DOTUSDT,1.0312105442903734,0.3098745151474661,1
Control_2022_Oct,0.97,ETCUSDT,1.482598193195301,0.2233684529343799,1
Control_2022_Oct,0.97,ETHUSDT,0.692915708613068,0.40517440724789,1
Control_2022_Oct,0.97,FILUSDT,0.9869074476175947,0.3204993977531315,1
Control_2022_Oct,0.97,LINKUSDT,0.18847721776038612,0.6641870493094788,1
Control_2022_Oct,0.97,LTCUSDT,1.4127174899041446,0.23460579782312052,1
Control_2022_Oct,0.97,NEARUSDT,0.8499133007679864,0.35657686571356884,1
Control_2022_Oct,0.97,SOLUSDT,1.8969774178172207,0.1684170326926302,1
Control_2022_Oct,0.97,TRXUSDT,0.5486330185210299,0.4588767805347871,1
Control_2022_Oct,0.97,UNIUSDT,0.05810569037773293,0.8095154193307438,1
Control_2022_Oct,0.97,XRPUSDT,0.21495961255724283,0.642907574376439,1
Control_2023_Feb,0.95,ADAUSDT,3.0365848132952062,0.08140701827366015,1
Control_2023_Feb,0.95,ATOMUSDT,1.599860407681199,0.20592299411874182,1
Control_2023_Feb,0.95,AVAXUSDT,1.5921065707764432,0.20702542165482385,1
Control_2023_Feb,0.95,BCHUSDT,0.0031853503474996376,0.9549921621547072,1
Control_2023_Feb,0.95,BNBUSDT,0.4981239245597344,0.4803256153342057,1
Control_2023_Feb,0.95,BTCUSDT,0.44320192399087355,0.5055810579742102,1
Control_2023_Feb,0.95,DOGEUSDT,1.4637532786094678,0.22633387778497605,1
Control_2023_Feb,0.95,DOTUSDT,0.840889727848561,0.3591424321596991,1
Control_2023_Feb,0.95,ETCUSDT,0.004233977250085636,0.9481190472952183,1
Control_2023_Feb,0.95,ETHUSDT,3.6331652428817702,0.056639001020465596,1
Control_2023_Feb,0.95,FILUSDT,0.8395161674274159,0.35953518383556626,1
Control_2023_Feb,0.95,LINKUSDT,1.3257015800630756,0.24957135310645573,1
Control_2023_Feb,0.95,LTCUSDT,0.05292522563986062,0.8180491625322991,1
Control_2023_Feb,0.95,NEARUSDT,1.2788986857353617,0.2581039064926043,1
Control_2023_Feb,0.95,SOLUSDT,5.444925883031384,0.019625247644055932,1
Control_2023_Feb,0.95,TRXUSDT,4.651559338174801,0.031025351714489835,1
Control_2023_Feb,0.95,UNIUSDT,0.6373166471668095,0.4246841516654316,1
Control_2023_Feb,0.95,XRPUSDT,0.2785391939010627,0.5976602830445875,1
Control_2023_Feb,0.97,ADAUSDT,3.46076166524009,0.06284136149869235,1
Control_2023_Feb,0.97,ATOMUSDT,1.4805373733120284,0.22369046419111105,1
Control_2023_Feb,0.97,AVAXUSDT,1.0205002187042607,0.3124003852527707,1
Control_2023_Feb,0.97,BCHUSDT,1.2410664922534187,0.2652656137230245,1
Control_2023_Feb,0.97,BNBUSDT,3.302769621240267,0.0691631765088978,1
Control_2023_Feb,0.97,BTCUSDT,0.7590918582526838,0.3836128727684941,1
Control_2023_Feb,0.97,DOGEUSDT,0.3703411062533817,0.5428183947082871,1
Control_2023_Feb,0.97,DOTUSDT,0.13781574509400607,0.7104621856398348,1
Control_2023_Feb,0.97,ETCUSDT,1.7424699754862496,0.18682616860888412,1
Control_2023_Feb,0.97,ETHUSDT,5.656409873082539,0.017391687545406986,1
Control_2023_Feb,0.97,FILUSDT,0.00923533353444526,0.923440640841117,1
Control_2023_Feb,0.97,LINKUSDT,0.02259916197390498,0.8805041260858781,1
Control_2023_Feb,0.97,LTCUSDT,0.5928223089626815,0.4413298199017446,1
Control_2023_Feb,0.97,NEARUSDT,0.0018867684853032802,0.9653532249287684,1
Control_2023_Feb,0.97,SOLUSDT,2.2136492786300384,0.13679474170628814,1
Control_2023_Feb,0.97,TRXUSDT,1.2527144950343818,0.26303465607028553,1
Control_2023_Feb,0.97,UNIUSDT,0.16298709386744936,0.6864211305578733,1
Control_2023_Feb,0.97,XRPUSDT,0.051635079736863425,0.8202421519693297,1
Control_2023_Jan,0.95,ADAUSDT,0.03874617130536821,0.8439523788029114,1
Control_2023_Jan,0.95,ATOMUSDT,0.23729155750865377,0.6261691748532099,1
Control_2023_Jan,0.95,AVAXUSDT,1.5153882088572244,0.21831873094428134,1
Control_2023_Jan,0.95,BCHUSDT,0.13197146538092852,0.7163966500453925,1
Control_2023_Jan,0.95,BNBUSDT,0.18919321856491628,0.6635889445555596,1
Control_2023_Jan,0.95,BTCUSDT,1.83123878202805,0.17598129678764363,1
Control_2023_Jan,0.95,DOGEUSDT,0.0025690647728300094,0.9595757784657208,1
Control_2023_Jan,0.95,DOTUSDT,0.5556580664392614,0.4560149829068214,1
Control_2023_Jan,0.95,ETCUSDT,0.1916614677496086,0.6615373750318159,1
Control_2023_Jan,0.95,ETHUSDT,0.8245205031121414,0.36386178350537146,1
Control_2023_Jan,0.95,FILUSDT,0.18010079713662797,0.671286631391151,1
Control_2023_Jan,0.95,LINKUSDT,0.23239321328131415,0.6297549469840953,1
Control_2023_Jan,0.95,LTCUSDT,0.31899211733765415,0.5722139759471059,1
Control_2023_Jan,0.95,NEARUSDT,0.012338070232291828,0.9115553932048136,1
Control_2023_Jan,0.95,SOLUSDT,0.023347732103534503,0.8785562761702553,1
Control_2023_Jan,0.95,TRXUSDT,0.237767405488208,0.6258232826858303,1
Control_2023_Jan,0.95,UNIUSDT,0.6918377915325529,0.4055399822860305,1
Control_2023_Jan,0.95,XRPUSDT,0.008854433646126801,0.9250313089246142,1
Control_2023_Jan,0.97,ADAUSDT,0.13590359136636138,0.7123878444329232,1
Control_2023_Jan,0.97,ATOMUSDT,0.02865285676674892,0.8655830548823389,1
Control_2023_Jan,0.97,AVAXUSDT,0.4667605204795803,0.49448126773759826,1
Control_2023_Jan,0.97,BCHUSDT,0.09954497639158216,0.7523763648903985,1
Control_2023_Jan,0.97,BNBUSDT,0.16172143620080137,0.6875765524968684,1
Control_2023_Jan,0.97,BTCUSDT,0.00028136631107513583,0.9866169301633723,1
Control_2023_Jan,0.97,DOGEUSDT,0.05517897135435919,0.8142847612902219,1
Control_2023_Jan,0.97,DOTUSDT,0.22055848605803055,0.6386147091390524,1
Control_2023_Jan,0.97,ETCUSDT,0.08735329185373784,0.7675692540011021,1
Control_2023_Jan,0.97,ETHUSDT,6.96953942144113,0.008290883396720239,1
Control_2023_Jan,0.97,FILUSDT,0.009612845167550114,0.9218964669290954,1
Control_2023_Jan,0.97,LINKUSDT,0.5077903164791242,0.47609697886881075,1
Control_2023_Jan,0.97,LTCUSDT,0.06786742055373018,0.7944675006265606,1
Control_2023_Jan,0.97,NEARUSDT,0.02380431210514322,0.877383871906527,1
Control_2023_Jan,0.97,SOLUSDT,0.10403729150138274,0.7470374873271581,1
Control_2023_Jan,0.97,TRXUSDT,1.3652571166785457,0.24262845116902554,1
Control_2023_Jan,0.97,UNIUSDT,2.9631600384269126,0.0851813151377967,1
Control_2023_Jan,0.97,XRPUSDT,3.0580976634856194,0.08033567196809754,1
FTX_collapse,0.95,ADAUSDT,6.916706426485408,0.00853941117267365,1
FTX_collapse,0.95,ATOMUSDT,1.093337897102336,0.29573282040746474,1
FTX_collapse,0.95,AVAXUSDT,1.2323936211765028,0.2669420402989199,1
FTX_collapse,0.95,BCHUSDT,2.935781440147136,0.08663672949882517,1
FTX_collapse,0.95,BNBUSDT,2.5227985569495397,0.11221128406444802,1
FTX_collapse,0.95,BTCUSDT,1.808696042924431,0.17866473098460622,1
FTX_collapse,0.95,DOGEUSDT,1.5908881968350284,0.2071992811684188,1
FTX_collapse,0.95,DOTUSDT,1.7397031411061592,0.18717644511916132,1
FTX_collapse,0.95,ETCUSDT,1.0339163512949927,0.30924060107106255,1
FTX_collapse,0.95,ETHUSDT,2.8170608010646476,0.09326704764952132,1
FTX_collapse,0.95,FILUSDT,0.1342839982187119,0.7140309489487824,1
FTX_collapse,0.95,LINKUSDT,2.7502437494584044,0.09723960338178728,1
FTX_collapse,0.95,LTCUSDT,0.026983075209797355,0.8695223297089882,1
FTX_collapse,0.95,NEARUSDT,1.9786469334453123,0.15953302211068865,1
FTX_collapse,0.95,SOLUSDT,0.9215937434427239,0.33705685496739235,1
FTX_collapse,0.95,TRXUSDT,0.20378354401973836,0.6516840558924081,1
FTX_collapse,0.95,UNIUSDT,0.3096170370308713,0.5779152818229967,1
FTX_collapse,0.95,XRPUSDT,3.099982415887589,0.07829313980633112,1
FTX_collapse,0.97,ADAUSDT,3.321370937690733,0.06838478159283756,1
FTX_collapse,0.97,ATOMUSDT,0.37370976520278226,0.5409890399421083,1
FTX_collapse,0.97,AVAXUSDT,0.9065265506891125,0.3410377098474664,1
FTX_collapse,0.97,BCHUSDT,1.7984505691558261,0.1798999264376535,1
FTX_collapse,0.97,BNBUSDT,3.512963868695254,0.06089043330594912,1
FTX_collapse,0.97,BTCUSDT,0.7168320549517426,0.3971850226488205,1
FTX_collapse,0.97,DOGEUSDT,0.963439056749222,0.3263219282206423,1
FTX_collapse,0.97,DOTUSDT,3.511177453608896,0.06095611954447899,1
FTX_collapse,0.97,ETCUSDT,1.2013924434897116,0.27304355123380886,1
FTX_collapse,0.97,ETHUSDT,0.08250013254778078,0.7739374702953847,1
FTX_collapse,0.97,FILUSDT,0.3294616150450763,0.5659762807334521,1
FTX_collapse,0.97,LINKUSDT,3.284330585988207,0.06994414534256699,1
FTX_collapse,0.97,LTCUSDT,0.0020487460492464894,0.9638976183388235,1
FTX_collapse,0.97,NEARUSDT,0.18374250783384177,0.6681765218549527,1
FTX_collapse,0.97,SOLUSDT,2.637525413792162,0.10436599121862933,1
FTX_collapse,0.97,TRXUSDT,1.309207580586746,0.25253817732522066,1
FTX_collapse,0.97,UNIUSDT,1.6530856877269753,0.19853947231423819,1
FTX_collapse,0.97,XRPUSDT,1.1937711700001208,0.27457018436624536,1
Terra_Luna,0.95,ADAUSDT,0.3266180222784355,0.5676573380567644,1
Terra_Luna,0.95,ATOMUSDT,0.5308280510745196,0.4662589375591878,1
Terra_Luna,0.95,AVAXUSDT,0.5674355126459159,0.4512797786504319,1
Terra_Luna,0.95,BCHUSDT,1.558577251682744,0.21187365961443294,1
Terra_Luna,0.95,BNBUSDT,0.016296170536242913,0.8984208518321952,1
Terra_Luna,0.95,BTCUSDT,0.46033270491913003,0.4974685241464669,1
Terra_Luna,0.95,DOGEUSDT,0.06340661933916791,0.8011904703684769,1
Terra_Luna,0.95,DOTUSDT,0.6218313700488646,0.43036755052342324,1
Terra_Luna,0.95,ETCUSDT,0.41457308401723675,0.5196574671565055,1
Terra_Luna,0.95,ETHUSDT,0.3104801477352609,0.5773856968901888,1
Terra_Luna,0.95,FILUSDT,0.3717684564491205,0.5420418824315556,1
Terra_Luna,0.95,LINKUSDT,0.752517756786976,0.38568026297493596,1
Terra_Luna,0.95,LTCUSDT,0.8054428236562127,0.36947102062587045,1
Terra_Luna,0.95,NEARUSDT,2.871380344744903,0.090167505283556,1
Terra_Luna,0.95,SOLUSDT,0.2941347737083097,0.5875829725136561,1
Terra_Luna,0.95,TRXUSDT,1.63476331873352,0.20104547850001564,1
Terra_Luna,0.95,UNIUSDT,0.001395467999401467,0.9702011842821738,1
Terra_Luna,0.95,XRPUSDT,0.23868535190402457,0.6251572393178919,1
Terra_Luna,0.97,ADAUSDT,0.7762849929528102,0.3782797345366752,1
Terra_Luna,0.97,ATOMUSDT,0.002621699634162987,0.9591641315181264,1
Terra_Luna,0.97,AVAXUSDT,0.5304532851504496,0.46641635133941517,1
Terra_Luna,0.97,BCHUSDT,0.8919778979268727,0.3449418786273142,1
Terra_Luna,0.97,BNBUSDT,0.03638615066273471,0.8487202555754161,1
Terra_Luna,0.97,BTCUSDT,0.7183734080288451,0.39667797962936147,1
Terra_Luna,0.97,DOGEUSDT,0.02225521851078856,0.8814101568199371,1
Terra_Luna,0.97,DOTUSDT,0.06301844474737466,0.8017872440809859,1
Terra_Luna,0.97,ETCUSDT,0.19019302691325204,0.6627560114523066,1
Terra_Luna,0.97,ETHUSDT,0.011531939290764733,0.914482072552246,1
Terra_Luna,0.97,FILUSDT,0.010476635877632662,0.9184745524266309,1
Terra_Luna,0.97,LINKUSDT,1.8056364986791584,0.17903256061117434,1
Terra_Luna,0.97,LTCUSDT,0.21100454782816885,0.6459811865927773,1
Terra_Luna,0.97,NEARUSDT,0.5888959922103528,0.44284634948534507,1
Terra_Luna,0.97,SOLUSDT,1.5363556641202587,0.21516107341801383,1
Terra_Luna,0.97,TRXUSDT,0.19502893862025913,0.6587636236335788,1
Terra_Luna,0.97,UNIUSDT,1.0500120497547327,0.3055043117112286,1
Terra_Luna,0.97,XRPUSDT,1.9227194839887343,0.165557175837988,1
