window,kind,q,asset,row,ar_kind,n_positive_boxes,qA,target_norm,status,d_lo,d_hi,d_star,min_norm,required_radius_ratio
Terra_Luna,shock,0.95,BTCUSDT,0,interval,1,41.38053921758687,6.432770726334561,ELLIPSOID_CONE_CONFLICT,0.022632949490678442,0.08230473682926247,0.022632930778692415,11.052678316480042,2.9521533618795606
Terra_Luna,shock,0.95,ETHUSDT,1,interval,1,41.38053921758687,6.432770726334561,ELLIPSOID_CONE_CONFLICT,0.02236777126372578,0.09041364531991705,0.022367770080387674,9.121773493536127,2.010770116596623
Terra_Luna,shock,0.95,BNBUSDT,2,interval,1,41.38053921758687,6.432770726334561,ELLIPSOID_CONE_CONFLICT,0.018506934148097502,0.07774570673208622,0.04121246190619182,9.355737432934411,2.115241235832173
Terra_Luna,shock,0.95,SOLUSDT,3,interval,1,41.38053921758687,6.432770726334561,ELLIPSOID_CONE_CONFLICT,0.023019583865266365,0.08004116795962869,0.023019544572504467,10.70737123225747,2.770572855576738
Terra_Luna,shock,0.95,XRPUSDT,4,interval,1,41.38053921758687,6.432770726334561,ELLIPSOID_CONE_CONFLICT,0.01763128805505297,0.07699329772690264,0.01763127710999223,8.59670893114441,1.785945902208274
Terra_Luna,shock,0.95,ADAUSDT,5,interval,1,41.38053921758687,6.432770726334561,ELLIPSOID_CONE_CONFLICT,0.01905867303743794,0.07752895353477697,0.056789535392266985,10.275477446518364,2.551572278909149
Terra_Luna,shock,0.95,DOGEUSDT,6,interval,1,41.38053921758687,6.432770726334561,ELLIPSOID_CONE_CONFLICT,0.01369088851646058,0.07341596649277557,0.013690986151043237,7.180400719526619,1.245951731606871
Terra_Luna,shock,0.95,LTCUSDT,7,interval,1,41.38053921758687,6.432770726334561,ELLIPSOID_CONE_CONFLICT,0.011587862379343455,0.06890147566921227,0.011587863548684268,7.016694227985264,1.1897862816663611
Terra_Luna,shock,0.95,LINKUSDT,8,interval,1,41.38053921758687,6.432770726334561,FEASIBLE_AT_STATED_RADIUS,0.025254579690161656,0.08384928962009612,0.025254576101504996,5.184139991321467,0.6494673089759168
Terra_Luna,shock,0.95,AVAXUSDT,9,interval,1,41.38053921758687,6.432770726334561,ELLIPSOID_CONE_CONFLICT,0.020973023971753383,0.0745567225597316,0.026624158125230068,10.090201269569725,2.460387505466724
Terra_Luna,shock,0.95,TRXUSDT,10,interval,1,41.38053921758687,6.432770726334561,ELLIPSOID_CONE_CONFLICT,0.004395071463918545,0.057693035608548444,0.004395070898452907,8.409632597067832,1.7090623214404317
Terra_Luna,shock,0.95,DOTUSDT,11,interval,1,41.38053921758687,6.432770726334561,ELLIPSOID_CONE_CONFLICT,0.0237210690544034,0.08346227211042245,0.06286659644181544,6.782685978178139,1.1117503529055546
Terra_Luna,shock,0.95,ATOMUSDT,12,interval,1,41.38053921758687,6.432770726334561,ELLIPSOID_CONE_CONFLICT,0.009066403261381355,0.06018718679492852,0.009066398993501593,7.006453226078424,1.1863157836367961
Terra_Luna,shock,0.95,BCHUSDT,13,interval,1,41.38053921758687,6.432770726334561,ELLIPSOID_CONE_CONFLICT,0.009126589186639885,0.06941211104092554,0.015567272104738298,11.360777320409134,3.1190328537108214
Terra_Luna,shock,0.95,ETCUSDT,14,interval,1,41.38053921758687,6.432770726334561,ELLIPSOID_CONE_CONFLICT,0.027261901027184537,0.08555159445455994,0.027261899067288913,7.902134002630816,1.5090117957910831
Terra_Luna,shock,0.95,FILUSDT,15,interval,1,41.38053921758687,6.432770726334561,ELLIPSOID_CONE_CONFLICT,0.030968008333385914,0.09050890173417815,0.07883956801833196,9.932103439706331,2.383890606604303
Terra_Luna,shock,0.95,NEARUSDT,16,interval,1,41.38053921758687,6.432770726334561,ELLIPSOID_CONE_CONFLICT,0.009949822009142772,0.0599873131685231,0.019943873892285156,8.160573723534338,1.6093304910085846
Terra_Luna,shock,0.95,UNIUSDT,17,interval,1,41.38053921758687,6.432770726334561,ELLIPSOID_CONE_CONFLICT,0.009474598865626857,0.06774587637877479,0.010110114236436284,8.1135243281404,1.5908269507360226
Terra_Luna,shock,0.97,BTCUSDT,0,interval,1,41.38053921758687,6.432770726334561,ELLIPSOID_CONE_CONFLICT,0.015518487591044265,0.07237458177194611,0.015518465780181291,13.091178759694762,4.141535237545833
Terra_Luna,shock,0.97,ETHUSDT,1,interval,1,41.38053921758687,6.432770726334561,ELLIPSOID_CONE_CONFLICT,0.01717924351806494,0.07527888283859159,0.017179214555986103,10.618238094239377,2.7246377731597664
Terra_Luna,shock,0.97,BNBUSDT,2,interval,1,41.38053921758687,6.432770726334561,ELLIPSOID_CONE_CONFLICT,0.01639747625056683,0.06564409695315673,0.016397475738693334,8.759657588841696,1.8542919576345374
Terra_Luna,shock,0.97,SOLUSDT,3,interval,1,41.38053921758687,6.432770726334561,ELLIPSOID_CONE_CONFLICT,0.0070726579967857525,0.05853529344979671,0.0070726491086332745,14.275444320066132,4.924737917593342
Terra_Luna,shock,0.97,XRPUSDT,4,interval,1,41.38053921758687,6.432770726334561,ELLIPSOID_CONE_CONFLICT,0.0015469443912140399,0.049157154325631704,0.0015469307658199543,8.511586739246233,1.7507531363661408
Terra_Luna,shock,0.97,ADAUSDT,5,interval,1,41.38053921758687,6.432770726334561,ELLIPSOID_CONE_CONFLICT,0.012379881414748061,0.05987666726457135,0.012379883353794514,14.925181210060625,5.383231788784243
Terra_Luna,shock,0.97,DOGEUSDT,6,interval,1,41.38053921758687,6.432770726334561,ELLIPSOID_CONE_CONFLICT,0.0052311958267222,0.05425974460034164,0.007552799952911808,8.99616113672945,1.9557723685631765
Terra_Luna,shock,0.97,LTCUSDT,7,interval,1,41.38053921758687,6.432770726334561,ELLIPSOID_CONE_CONFLICT,0.0031223653025650145,0.05062526509796567,0.0031223469133841502,13.452773837715128,4.373483945607859
Terra_Luna,shock,0.97,LINKUSDT,8,interval,1,41.38053921758687,6.432770726334561,ELLIPSOID_CONE_CONFLICT,0.015873785961496772,0.06162225263206942,0.015873756419566894,12.375470444053029,3.7010699137177947
Terra_Luna,shock,0.97,AVAXUSDT,9,interval,1,41.38053921758687,6.432770726334561,ELLIPSOID_CONE_CONFLICT,0.008236693761024514,0.049366448570217214,0.008236692947157186,13.584288929866224,4.459412787247077
Terra_Luna,shock,0.97,TRXUSDT,10,interval,1,41.38053921758687,6.432770726334561,ELLIPSOID_CONE_CONFLICT,0.00038507126990421244,0.03688220155805029,0.00038506936539546165,8.943904249539115,1.9331169853612333
Terra_Luna,shock,0.97,DOTUSDT,11,interval,1,41.38053921758687,6.432770726334561,ELLIPSOID_CONE_CONFLICT,0.00830828463147034,0.0575944659756831,0.00830828176300561,11.903714433508387,3.4242767250914308
Terra_Luna,shock,0.97,ATOMUSDT,12,interval,1,41.38053921758687,6.432770726334561,ELLIPSOID_CONE_CONFLICT,0.0,0.03700475219700529,-1.7299833692835125e-08,8.448236850310039,1.724789169702333
Terra_Luna,shock,0.97,BCHUSDT,13,interval,1,41.38053921758687,6.432770726334561,ELLIPSOID_CONE_CONFLICT,0.0013453531122395782,0.05062903063044015,0.0013453535485120577,14.931546622425467,5.387824536682459
Terra_Luna,shock,0.97,ETCUSDT,14,interval,1,41.38053921758687,6.432770726334561,ELLIPSOID_CONE_CONFLICT,0.011200061648523763,0.05880523838435219,0.011200055610668017,15.067340916160434,5.486268825306076
Terra_Luna,shock,0.97,FILUSDT,15,interval,1,41.38053921758687,6.432770726334561,ELLIPSOID_CONE_CONFLICT,0.016976117308821433,0.06510854303417923,0.016976116179704154,13.37388334471053,4.3223398993773685
Terra_Luna,shock,0.97,NEARUSDT,16,interval,1,41.38053921758687,6.432770726334561,ELLIPSOID_CONE_CONFLICT,0.004099672108371086,0.048990958268158795,0.004099651453613763,11.499982880799905,3.1959372390798704
Terra_Luna,shock,0.97,UNIUSDT,17,interval,1,41.38053921758687,6.432770726334561,ELLIPSOID_CONE_CONFLICT,0.002734974341442923,0.041327421300214204,0.0027349727229542763,11.067508986424787,2.9600811753688996
FTX_collapse,shock,0.95,BTCUSDT,0,interval,1,41.41193067549664,6.43521022776231,ELLIPSOID_CONE_CONFLICT,0.05572295199094693,0.15746946041392568,0.06960451333606625,7.462761733429106,1.3448494620147506
FTX_collapse,shock,0.95,ETHUSDT,1,interval,1,41.41193067549664,6.43521022776231,ELLIPSOID_CONE_CONFLICT,0.05333432751386765,0.15280418639817156,0.05333431823823689,9.504365952077402,2.181327232938164
FTX_collapse,shock,0.95,BNBUSDT,2,interval,1,41.41193067549664,6.43521022776231,ELLIPSOID_CONE_CONFLICT,0.018517422332081653,0.11382869044204277,0.01851741628033203,9.00686372318128,1.9589425753569032
FTX_collapse,shock,0.95,SOLUSDT,3,interval,1,41.41193067549664,6.43521022776231,ELLIPSOID_CONE_CONFLICT,0.03572763610537306,0.12501849561572814,0.035727622677820044,11.87004267403682,3.4023507425318913
FTX_collapse,shock,0.95,XRPUSDT,4,interval,1,41.41193067549664,6.43521022776231,ELLIPSOID_CONE_CONFLICT,0.037640264169491074,0.13453390268748291,0.06829075869124213,6.782255927473447,1.110766745607594
FTX_collapse,shock,0.95,ADAUSDT,5,interval,1,41.41193067549664,6.43521022776231,ELLIPSOID_CONE_CONFLICT,0.06390396422359555,0.16226034769292114,0.06606815610561426,6.634867951263879,1.0630142573081234
FTX_collapse,shock,0.95,DOGEUSDT,6,interval,1,41.41193067549664,6.43521022776231,ELLIPSOID_CONE_CONFLICT,0.0452900206230621,0.14158099901665533,0.05572422437512698,9.184726272853503,2.037074710867334
FTX_collapse,shock,0.95,LTCUSDT,7,interval,1,41.41193067549664,6.43521022776231,ELLIPSOID_CONE_CONFLICT,0.016723105516687535,0.10224854995315873,0.06282442272223755,8.114116088337438,1.5898529438515936
FTX_collapse,shock,0.95,LINKUSDT,8,interval,1,41.41193067549664,6.43521022776231,ELLIPSOID_CONE_CONFLICT,0.037700168639431715,0.13175459561341984,0.03770022770055101,7.486497496808981,1.3534178159650598
FTX_collapse,shock,0.95,AVAXUSDT,9,interval,1,41.41193067549664,6.43521022776231,FEASIBLE_AT_STATED_RADIUS,0.04133656008997997,0.13378332008102667,0.04133656031244503,5.112131952209528,0.6310715938743946
FTX_collapse,shock,0.95,TRXUSDT,10,interval,1,41.41193067549664,6.43521022776231,ELLIPSOID_CONE_CONFLICT,0.006995024520108745,0.08473088497747236,0.006995013346617753,7.809867845812661,1.4728614380963543
FTX_collapse,shock,0.95,DOTUSDT,11,interval,1,41.41193067549664,6.43521022776231,FEASIBLE_AT_STATED_RADIUS,0.04894499670759102,0.1457981417174366,0.08880721543462082,5.968436187593255,0.860192460103057
FTX_collapse,shock,0.95,ATOMUSDT,12,interval,1,41.41193067549664,6.43521022776231,ELLIPSOID_CONE_CONFLICT,0.043797582034964234,0.14083922592423131,0.06723838014013425,7.429173993093333,1.3327711439522838
FTX_collapse,shock,0.95,BCHUSDT,13,interval,1,41.41193067549664,6.43521022776231,ELLIPSOID_CONE_CONFLICT,0.04379133238395347,0.1370714063857525,0.08310369449857904,7.084816909988392,1.2120813936781154
FTX_collapse,shock,0.95,ETCUSDT,14,interval,1,41.41193067549664,6.43521022776231,FEASIBLE_AT_STATED_RADIUS,0.051629659345897944,0.14392810541570433,0.051629657425840185,6.032830688477562,0.8788541254216754
FTX_collapse,shock,0.95,FILUSDT,15,interval,1,41.41193067549664,6.43521022776231,ELLIPSOID_CONE_CONFLICT,0.02637239533745659,0.12238609087376298,0.028789417327072804,7.404272392315226,1.3238515752669375
FTX_collapse,shock,0.95,NEARUSDT,16,interval,1,41.41193067549664,6.43521022776231,ELLIPSOID_CONE_CONFLICT,0.026126829010051793,0.11656739469468118,0.02612682721055871,9.46064478498429,2.16130468412596
FTX_collapse,shock,0.95,UNIUSDT,17,interval,1,41.41193067549664,6.43521022776231,ELLIPSOID_CONE_CONFLICT,0.03275965922051707,0.12264613909635089,0.057182038348625536,7.688748958988836,1.4275321046388991
FTX_collapse,shock,0.97,BTCUSDT,0,interval,1,41.41193067549664,6.43521022776231,ELLIPSOID_CONE_CONFLICT,0.03362288064634288,0.1299182201467111,0.03362310473064605,10.23624818684603,2.530207484499321
FTX_collapse,shock,0.97,ETHUSDT,1,interval,1,41.41193067549664,6.43521022776231,ELLIPSOID_CONE_CONFLICT,0.026115149041661036,0.11915564566875005,0.026115147703543916,11.236128886976376,3.048652654087611
FTX_collapse,shock,0.97,BNBUSDT,2,interval,1,41.41193067549664,6.43521022776231,ELLIPSOID_CONE_CONFLICT,0.0,0.07410166921508145,-4.031857785682351e-09,15.365619056135806,5.701309867158283
FTX_collapse,shock,0.97,SOLUSDT,3,interval,1,41.41193067549664,6.43521022776231,ELLIPSOID_CONE_CONFLICT,0.01672927604133434,0.10236095435205536,0.016729275553501368,13.652078672116215,4.500617310748341
FTX_collapse,shock,0.97,XRPUSDT,4,interval,1,41.41193067549664,6.43521022776231,ELLIPSOID_CONE_CONFLICT,0.014745959322933978,0.09696810351680538,0.05809139231711194,9.174263394035547,2.032436243619575
FTX_collapse,shock,0.97,ADAUSDT,5,interval,1,41.41193067549664,6.43521022776231,ELLIPSOID_CONE_CONFLICT,0.033257871207688985,0.11728681692285071,0.0332578706477347,9.707478627907479,2.2755553719459694
FTX_collapse,shock,0.97,DOGEUSDT,6,interval,1,41.41193067549664,6.43521022776231,ELLIPSOID_CONE_CONFLICT,0.0170186616157273,0.10365417745251326,0.01701865984935726,11.42586653729818,3.152483450992463
FTX_collapse,shock,0.97,LTCUSDT,7,interval,1,41.41193067549664,6.43521022776231,ELLIPSOID_CONE_CONFLICT,0.005449906595943034,0.079094802484874,0.04508514428636615,7.802306702927132,1.470010909743985
FTX_collapse,shock,0.97,LINKUSDT,8,interval,1,41.41193067549664,6.43521022776231,ELLIPSOID_CONE_CONFLICT,0.02082167352580252,0.10609104820756965,0.0208216744287821,9.844501066046837,2.3402483211617384
FTX_collapse,shock,0.97,AVAXUSDT,9,interval,1,41.41193067549664,6.43521022776231,ELLIPSOID_CONE_CONFLICT,0.022218578149502267,0.09937245857932815,0.02221857776101095,6.564063529237333,1.0404472651490775
FTX_collapse,shock,0.97,TRXUSDT,10,interval,1,41.41193067549664,6.43521022776231,ELLIPSOID_CONE_CONFLICT,0.0,0.05987708511801347,-1.3517987297010711e-09,7.457244136165515,1.34286156668565
FTX_collapse,shock,0.97,DOTUSDT,11,interval,1,41.41193067549664,6.43521022776231,FEASIBLE_AT_STATED_RADIUS,0.03220723306859147,0.12132776079121846,0.04060493496933608,6.311538122355822,0.9619332598159073
FTX_collapse,shock,0.97,ATOMUSDT,12,interval,1,41.41193067549664,6.43521022776231,ELLIPSOID_CONE_CONFLICT,0.02877175720128854,0.11612721813992921,0.02877175032042079,7.143315902993353,1.232180225785761
FTX_collapse,shock,0.97,BCHUSDT,13,interval,1,41.41193067549664,6.43521022776231,ELLIPSOID_CONE_CONFLICT,0.02176655815674006,0.1064104577483793,0.10641044984174534,6.695248586944333,1.082450224121131
FTX_collapse,shock,0.97,ETCUSDT,14,interval,1,41.41193067549664,6.43521022776231,ELLIPSOID_CONE_CONFLICT,0.025075227602664008,0.10469887763722817,0.02507521234519386,8.36540729272738,1.6898521279188627
FTX_collapse,shock,0.97,FILUSDT,15,interval,1,41.41193067549664,6.43521022776231,ELLIPSOID_CONE_CONFLICT,0.020883183376389298,0.10782101305461081,0.030963794240702027,6.897190080662588,1.148732508550687
FTX_collapse,shock,0.97,NEARUSDT,16,interval,1,41.41193067549664,6.43521022776231,ELLIPSOID_CONE_CONFLICT,0.007531360085034662,0.077340328526718,0.007531353760309221,10.012124070787607,2.420621950576141
FTX_collapse,shock,0.97,UNIUSDT,17,interval,1,41.41193067549664,6.43521022776231,ELLIPSOID_CONE_CONFLICT,0.013391232335127163,0.09060874243593982,0.03283060611028653,8.606207287018172,1.7885378116637745
Banking_crypto,shock,0.95,BTCUSDT,0,interval,1,41.38053921758687,6.432770726334561,FEASIBLE_AT_STATED_RADIUS,0.05714262330319491,0.14384209450860008,0.057142618138870484,5.420161380880748,0.7099508597583783
Banking_crypto,shock,0.95,ETHUSDT,1,interval,1,41.38053921758687,6.432770726334561,FEASIBLE_AT_STATED_RADIUS,0.062320062975872566,0.14894301763353432,0.062320059997249586,3.686749636103234,0.32846654819641946
Banking_crypto,shock,0.95,BNBUSDT,2,interval,1,41.38053921758687,6.432770726334561,ELLIPSOID_CONE_CONFLICT,0.026862807077288685,0.10567576548163246,0.026862806447333312,6.444286240246224,1.0035834701877668
Banking_crypto,shock,0.95,SOLUSDT,3,interval,1,41.38053921758687,6.432770726334561,FEASIBLE_AT_STATED_RADIUS,0.03549579254404793,0.11876169498677648,0.03549578769502251,3.289276663843944,0.2614596420413509
Banking_crypto,shock,0.95,XRPUSDT,4,interval,1,41.38053921758687,6.432770726334561,FEASIBLE_AT_STATED_RADIUS,0.04336304161991767,0.12614472420077888,0.04336302797451425,4.876906497777912,0.5747681745519653
Banking_crypto,shock,0.95,ADAUSDT,5,interval,1,41.38053921758687,6.432770726334561,FEASIBLE_AT_STATED_RADIUS,0.04256841270090774,0.12661960425916183,0.04256841115221877,3.5456268599409717,0.3038014986665992
Banking_crypto,shock,0.95,DOGEUSDT,6,interval,1,41.38053921758687,6.432770726334561,FEASIBLE_AT_STATED_RADIUS,0.04451608328801369,0.1321634131354385,0.04451607445433815,4.077507468627478,0.40178469084923685
Banking_crypto,shock,0.95,LTCUSDT,7,interval,1,41.38053921758687,6.432770726334561,FEASIBLE_AT_STATED_RADIUS,0.03127563642112077,0.11391644135237443,0.03127563510198857,6.28961555631405,0.9559871522750694
Banking_crypto,shock,0.95,LINKUSDT,8,interval,1,41.38053921758687,6.432770726334561,FEASIBLE_AT_STATED_RADIUS,0.03403609604359283,0.1167643304375935,0.034036110261913,3.5496937288424926,0.3044988249749181
Banking_crypto,shock,0.95,AVAXUSDT,9,interval,1,41.38053921758687,6.432770726334561,FEASIBLE_AT_STATED_RADIUS,0.033930835237649656,0.11363420794271326,0.03393083426470185,5.0702070305689615,0.6212340346185089
Banking_crypto,shock,0.95,TRXUSDT,10,interval,1,41.38053921758687,6.432770726334561,ELLIPSOID_CONE_CONFLICT,0.02168952805631736,0.08809032486042019,0.02168952357838351,9.571519493444573,2.213938898467838
Banking_crypto,shock,0.95,DOTUSDT,11,interval,1,41.38053921758687,6.432770726334561,FEASIBLE_AT_STATED_RADIUS,0.048695539697583945,0.13408392855760237,0.048695535645797906,5.086909111385068,0.6253336664229536
Banking_crypto,shock,0.95,ATOMUSDT,12,interval,1,41.38053921758687,6.432770726334561,FEASIBLE_AT_STATED_RADIUS,0.023632271396056257,0.09739750464566131,0.023632266138966084,3.806794206096923,0.35020525110542994
Banking_crypto,shock,0.95,BCHUSDT,13,interval,1,41.38053921758687,6.432770726334561,FEASIBLE_AT_STATED_RADIUS,0.03271310299069091,0.11326059229608586,0.032713102126380886,3.7396154937488295,0.3379541278462303
Banking_crypto,shock,0.95,ETCUSDT,14,interval,1,41.38053921758687,6.432770726334561,ELLIPSOID_CONE_CONFLICT,0.032777505215600945,0.11149093136420735,0.03277749929797,7.753875112848461,1.4529191838104039
Banking_crypto,shock,0.95,FILUSDT,15,interval,1,41.38053921758687,6.432770726334561,FEASIBLE_AT_STATED_RADIUS,0.029983726165741693,0.10929130001505723,0.029983723023455297,5.61833473160697,0.762814737391475
Banking_crypto,shock,0.95,NEARUSDT,16,interval,1,41.38053921758687,6.432770726334561,FEASIBLE_AT_STATED_RADIUS,0.033566631199470245,0.11761281417113896,0.033566628319358235,6.071930948199151,0.890958555320842
Banking_crypto,shock,0.95,UNIUSDT,17,interval,1,41.38053921758687,6.432770726334561,FEASIBLE_AT_STATED_RADIUS,0.02859891958888979,0.1060078895302799,0.050049137753551645,5.188416354916618,0.6505392336822255
Banking_crypto,shock,0.97,BTCUSDT,0,interval,1,41.38053921758687,6.432770726334561,ELLIPSOID_CONE_CONFLICT,0.030985630452245266,0.1025619513506022,0.030985627873374885,6.487502184331494,1.0170888390409976
Banking_crypto,shock,0.97,ETHUSDT,1,interval,1,41.38053921758687,6.432770726334561,FEASIBLE_AT_STATED_RADIUS,0.03611927182524194,0.10957982554373888,0.03611926655058053,5.545401000553595,0.7431385099948463
Banking_crypto,shock,0.97,BNBUSDT,2,interval,1,41.38053921758687,6.432770726334561,ELLIPSOID_CONE_CONFLICT,0.016360382496121734,0.08332588589930529,0.016360380167477467,8.236419131425848,1.6393841499215185
Banking_crypto,shock,0.97,SOLUSDT,3,interval,1,41.38053921758687,6.432770726334561,FEASIBLE_AT_STATED_RADIUS,0.015557914235662242,0.08563602578109744,0.01555790007517166,4.893656777092454,0.5787231656421957
Banking_crypto,shock,0.97,XRPUSDT,4,interval,1,41.38053921758687,6.432770726334561,FEASIBLE_AT_STATED_RADIUS,0.02407837068028856,0.09424733654311027,0.024078363355414432,5.738157728745052,0.7956990107553435
Banking_crypto,shock,0.97,ADAUSDT,5,interval,1,41.38053921758687,6.432770726334561,FEASIBLE_AT_STATED_RADIUS,0.021980210069165465,0.089614567479247,0.021980209078427397,4.58838620505907,0.5087726831222308
Banking_crypto,shock,0.97,DOGEUSDT,6,interval,1,41.38053921758687,6.432770726334561,FEASIBLE_AT_STATED_RADIUS,0.02841367318267946,0.10648115782434665,0.028413647924813306,6.0858137764695845,0.8950373780080196
Banking_crypto,shock,0.97,LTCUSDT,7,interval,1,41.38053921758687,6.432770726334561,ELLIPSOID_CONE_CONFLICT,0.014208132833899715,0.08015491443545322,0.014208133460025477,8.496266312615838,1.7444562738856528
Banking_crypto,shock,0.97,LINKUSDT,8,interval,1,41.38053921758687,6.432770726334561,FEASIBLE_AT_STATED_RADIUS,0.022439891709672814,0.09003708169038305,0.02243989127242588,3.8145404160668863,0.3516319231438054
Banking_crypto,shock,0.97,AVAXUSDT,9,interval,1,41.38053921758687,6.432770726334561,FEASIBLE_AT_STATED_RADIUS,0.021205323732543243,0.09200636683581268,0.02120532264247336,6.021530802120209,0.8762291136475164
Banking_crypto,shock,0.97,TRXUSDT,10,interval,1,41.38053921758687,6.432770726334561,ELLIPSOID_CONE_CONFLICT,0.012038144206365332,0.07044887463424952,0.012038138023097169,9.316782270761525,2.0976631412256936
Banking_crypto,shock,0.97,DOTUSDT,11,interval,1,41.38053921758687,6.432770726334561,ELLIPSOID_CONE_CONFLICT,0.030821607079576093,0.10249931178420664,0.030821605114080466,8.013339622870602,1.5517828700544567
Banking_crypto,shock,0.97,ATOMUSDT,12,interval,1,41.38053921758687,6.432770726334561,FEASIBLE_AT_STATED_RADIUS,0.01294079015037227,0.07574924210261817,0.02869674718658135,3.5912132621655153,0.31166371773310025
Banking_crypto,shock,0.97,BCHUSDT,13,interval,1,41.38053921758687,6.432770726334561,FEASIBLE_AT_STATED_RADIUS,0.02327501131000662,0.09042710749755886,0.02327500616894249,5.266631449062945,0.6703007583929782
Banking_crypto,shock,0.97,ETCUSDT,14,interval,1,41.38053921758687,6.432770726334561,ELLIPSOID_CONE_CONFLICT,0.01512484992972865,0.07292977695868014,0.015124838555857457,7.17919120723855,1.2455320149184113
Banking_crypto,shock,0.97,FILUSDT,15,interval,1,41.38053921758687,6.432770726334561,ELLIPSOID_CONE_CONFLICT,0.015902803306811833,0.08566254967403404,0.0159027975856458,6.717043842959178,1.0903356708570922
Banking_crypto,shock,0.97,NEARUSDT,16,interval,1,41.38053921758687,6.432770726334561,ELLIPSOID_CONE_CONFLICT,0.01854379049153302,0.09432102709814903,0.018543786255955763,7.633317501594063,1.4080903048111642
Banking_crypto,shock,0.97,UNIUSDT,17,interval,1,41.38053921758687,6.432770726334561,FEASIBLE_AT_STATED_RADIUS,0.009177129848942556,0.0682853732876155,0.03117352128015829,4.104341464816454,0.40709036610746296
Control_2022_Aug_A,control,0.95,BTCUSDT,0,interval,1,41.41193067549664,6.43521022776231,FEASIBLE_AT_STATED_RADIUS,0.03020012736517036,0.13389543703432275,0.03020012351386499,3.8605660113263456,0.3598955587121867
Control_2022_Aug_A,control,0.95,ETHUSDT,1,interval,1,41.41193067549664,6.43521022776231,FEASIBLE_AT_STATED_RADIUS,0.01214562394561191,0.12209558754005913,0.02346581459373892,5.451161712626284,0.7175508007595774
Control_2022_Aug_A,control,0.95,BNBUSDT,2,interval,1,41.41193067549664,6.43521022776231,FEASIBLE_AT_STATED_RADIUS,0.0,0.11015914708786605,0.010742526050502932,5.417667855878494,0.7087601210050822
Control_2022_Aug_A,control,0.95,SOLUSDT,3,interval,1,41.41193067549664,6.43521022776231,ELLIPSOID_CONE_CONFLICT,0.01340200022942968,0.13137066342026818,0.013401999816683207,6.855023192988547,1.1347295866168243
Control_2022_Aug_A,control,0.95,XRPUSDT,4,interval,1,41.41193067549664,6.43521022776231,FEASIBLE_AT_STATED_RADIUS,0.014647689949776868,0.13410161797196016,0.014647680248935297,4.460310165622208,0.48040181776224855
Control_2022_Aug_A,control,0.95,ADAUSDT,5,interval,1,41.41193067549664,6.43521022776231,FEASIBLE_AT_STATED_RADIUS,0.0175657562886927,0.1315049875400854,0.06813481836759175,3.779285695691664,0.34490061527391785
Control_2022_Aug_A,control,0.95,DOGEUSDT,6,interval,1,41.41193067549664,6.43521022776231,ELLIPSOID_CONE_CONFLICT,0.03035416989666551,0.14769822759007545,0.03035416908864442,7.207766849379287,1.2545153560239792
Control_2022_Aug_A,control,0.95,LTCUSDT,7,interval,1,41.41193067549664,6.43521022776231,FEASIBLE_AT_STATED_RADIUS,0.0027443481845374662,0.1255102406151026,0.002744342913644764,3.362749627214128,0.27306345951215766
Control_2022_Aug_A,control,0.95,LINKUSDT,8,interval,1,41.41193067549664,6.43521022776231,FEASIBLE_AT_STATED_RADIUS,0.0,0.10603810633469263,-8.552813376866464e-09,4.610917016376607,0.5133920439138372
Control_2022_Aug_A,control,0.95,AVAXUSDT,9,interval,1,41.41193067549664,6.43521022776231,FEASIBLE_AT_STATED_RADIUS,0.002012475711277632,0.10632626229677614,0.002012465728893159,4.332676256385706,0.4533013369926232
Control_2022_Aug_A,control,0.95,TRXUSDT,10,interval,1,41.41193067549664,6.43521022776231,FEASIBLE_AT_STATED_RADIUS,0.013092591881177751,0.11700779972478424,0.01309259023392149,4.670941659882961,0.5268456610002894
Control_2022_Aug_A,control,0.95,DOTUSDT,11,interval,1,41.41193067549664,6.43521022776231,FEASIBLE_AT_STATED_RADIUS,0.018812532221730942,0.13726487600837206,0.01881251423986507,4.646668610962243,0.5213842684441043
Control_2022_Aug_A,control,0.95,ATOMUSDT,12,interval,1,41.41193067549664,6.43521022776231,FEASIBLE_AT_STATED_RADIUS,0.0,0.11134223790642066,-2.791674632045066e-09,5.1146480208347755,0.6316929433214685
Control_2022_Aug_A,control,0.95,BCHUSDT,13,interval,1,41.41193067549664,6.43521022776231,FEASIBLE_AT_STATED_RADIUS,0.01400573030239185,0.11810631657983052,0.014005727058058552,4.052012821579328,0.396475306473896
Control_2022_Aug_A,control,0.95,ETCUSDT,14,interval,1,41.41193067549664,6.43521022776231,FEASIBLE_AT_STATED_RADIUS,0.018360589222286623,0.11980390414571324,0.018360581250867203,4.51452435103102,0.4921511695689042
Control_2022_Aug_A,control,0.95,FILUSDT,15,interval,1,41.41193067549664,6.43521022776231,FEASIBLE_AT_STATED_RADIUS,0.013826596174963578,0.127082629771571,0.013826594508261632,4.653894136679064,0.5230070243556936
Control_2022_Aug_A,control,0.95,NEARUSDT,16,interval,1,41.41193067549664,6.43521022776231,ELLIPSOID_CONE_CONFLICT,0.01592769856936277,0.11541881643498629,0.0159276891984004,6.90264413540795,1.150549981198392
Control_2022_Aug_A,control,0.95,UNIUSDT,17,interval,1,41.41193067549664,6.43521022776231,FEASIBLE_AT_STATED_RADIUS,0.008622077459720216,0.10901424557369505,0.008622076753817385,5.064525584702795,0.6193727020142507
Control_2022_Aug_A,control,0.97,BTCUSDT,0,interval,1,41.41193067549664,6.43521022776231,FEASIBLE_AT_STATED_RADIUS,0.016047756377501075,0.12021103929826353,0.016047751253466223,5.5404449388320645,0.7412484667949305
Control_2022_Aug_A,control,0.97,ETHUSDT,1,interval,1,41.41193067549664,6.43521022776231,FEASIBLE_AT_STATED_RADIUS,0.0,0.09676386036310253,-4.875412305064493e-09,5.5391473573930785,0.7409013041999825
Control_2022_Aug_A,control,0.97,BNBUSDT,2,interval,1,41.41193067549664,6.43521022776231,FEASIBLE_AT_STATED_RADIUS,0.0,0.08668729448170205,-6.934643919216172e-10,4.050178811662712,0.39611648476335737
Control_2022_Aug_A,control,0.97,SOLUSDT,3,interval,1,41.41193067549664,6.43521022776231,FEASIBLE_AT_STATED_RADIUS,0.00021717994863996502,0.10004029210013904,0.00021717197608106493,5.01128212028862,0.6064182007332416
Control_2022_Aug_A,control,0.97,XRPUSDT,4,interval,1,41.41193067549664,6.43521022776231,FEASIBLE_AT_STATED_RADIUS,0.003188583377258465,0.09714531940197055,0.0031885760696355628,4.912623313588286,0.5827757225405363
Control_2022_Aug_A,control,0.97,ADAUSDT,5,interval,1,41.41193067549664,6.43521022776231,FEASIBLE_AT_STATED_RADIUS,0.01556332735366464,0.11403501799699924,0.06917520013019039,4.47234807661156,0.4829984256253525
Control_2022_Aug_A,control,0.97,DOGEUSDT,6,interval,1,41.41193067549664,6.43521022776231,FEASIBLE_AT_STATED_RADIUS,0.0063866527630108,0.11046898635926829,0.006386651302644951,5.255859420143452,0.6670555512316589
Control_2022_Aug_A,control,0.97,LTCUSDT,7,interval,1,41.41193067549664,6.43521022776231,FEASIBLE_AT_STATED_RADIUS,0.0012267403401392614,0.10809010944649307,0.0075061067809520385,4.184599905912871,0.42284617227293786
Control_2022_Aug_A,control,0.97,LINKUSDT,8,interval,1,41.41193067549664,6.43521022776231,FEASIBLE_AT_STATED_RADIUS,0.0,0.08440949604523247,0.0011997241896482087,6.102327651202568,0.8992191901032361
Control_2022_Aug_A,control,0.97,AVAXUSDT,9,interval,1,41.41193067549664,6.43521022776231,ELLIPSOID_CONE_CONFLICT,0.0,0.09402284864727276,-2.425198416746632e-09,6.981958424990364,1.1771424962115535
Control_2022_Aug_A,control,0.97,TRXUSDT,10,interval,1,41.41193067549664,6.43521022776231,FEASIBLE_AT_STATED_RADIUS,0.002716203439829128,0.09689161228606304,0.002716187416588551,4.811498589281278,0.5590301707028079
Control_2022_Aug_A,control,0.97,DOTUSDT,11,interval,1,41.41193067549664,6.43521022776231,FEASIBLE_AT_STATED_RADIUS,0.0060623569154177595,0.10528087134599458,0.02706035844257095,3.73516457308264,0.33689456541727164
Control_2022_Aug_A,control,0.97,ATOMUSDT,12,interval,1,41.41193067549664,6.43521022776231,FEASIBLE_AT_STATED_RADIUS,0.0,0.09755261646596544,-2.907951711337737e-09,4.900459141972118,0.5798932677231453
Control_2022_Aug_A,control,0.97,BCHUSDT,13,interval,1,41.41193067549664,6.43521022776231,FEASIBLE_AT_STATED_RADIUS,0.012074070050004049,0.10304606000019942,0.012074068282206687,3.752611111410395,0.34004910961113693
Control_2022_Aug_A,control,0.97,ETCUSDT,14,interval,1,41.41193067549664,6.43521022776231,FEASIBLE_AT_STATED_RADIUS,0.00819026099735094,0.0905545624089556,0.008190255052868528,5.884342477417449,0.8361234510620669
Control_2022_Aug_A,control,0.97,FILUSDT,15,interval,1,41.41193067549664,6.43521022776231,FEASIBLE_AT_STATED_RADIUS,0.0027401158313005644,0.10103222831549048,0.0027401155238862113,5.4928486039173405,0.7285674754451628
Control_2022_Aug_A,control,0.97,NEARUSDT,16,interval,1,41.41193067549664,6.43521022776231,ELLIPSOID_CONE_CONFLICT,0.0,0.08681911344395685,-5.332411493512495e-09,11.926923669512785,3.435036857688798
Control_2022_Aug_A,control,0.97,UNIUSDT,17,interval,1,41.41193067549664,6.43521022776231,FEASIBLE_AT_STATED_RADIUS,0.00986359561378388,0.09815306885054675,0.00986359373112977,4.818083705060931,0.5605614181786822
Control_2022_Aug_B,control,0.95,BTCUSDT,0,interval,1,41.41193067549664,6.43521022776231,FEASIBLE_AT_STATED_RADIUS,0.041448395713119646,0.13770674349800807,0.041448357493556645,6.260707420089428,0.9465015699728119
Control_2022_Aug_B,control,0.95,ETHUSDT,1,interval,1,41.41193067549664,6.43521022776231,ELLIPSOID_CONE_CONFLICT,0.055733857482062193,0.14884707374108994,0.05573383083319765,7.03971181523766,1.1966972230763397
Control_2022_Aug_B,control,0.95,BNBUSDT,2,interval,1,41.41193067549664,6.43521022776231,FEASIBLE_AT_STATED_RADIUS,0.012658862917375288,0.09176533311369481,0.012658860639334362,5.067495624461271,0.6200993647255535
Control_2022_Aug_B,control,0.95,SOLUSDT,3,interval,1,41.41193067549664,6.43521022776231,FEASIBLE_AT_STATED_RADIUS,0.04009023069015948,0.12369237361183498,0.04009022456049454,4.849551417085342,0.5679075706767299
Control_2022_Aug_B,control,0.95,XRPUSDT,4,interval,1,41.41193067549664,6.43521022776231,FEASIBLE_AT_STATED_RADIUS,0.0,0.07094440609071835,-3.2169910460808737e-09,4.486011137554105,0.48595406198163527
Control_2022_Aug_B,control,0.95,ADAUSDT,5,interval,1,41.41193067549664,6.43521022776231,FEASIBLE_AT_STATED_RADIUS,0.013877900759362108,0.09471335642655763,0.013877896975519924,6.109155870406227,0.9012326844013118
Control_2022_Aug_B,control,0.95,DOGEUSDT,6,interval,1,41.41193067549664,6.43521022776231,FEASIBLE_AT_STATED_RADIUS,0.007255857180655074,0.0989289823032188,0.007255852051417988,4.569476799809117,0.5042053795465394
Control_2022_Aug_B,control,0.95,LTCUSDT,7,interval,1,41.41193067549664,6.43521022776231,FEASIBLE_AT_STATED_RADIUS,0.0,0.06086114814606077,-1.9997197210403276e-08,3.71616865425373,0.33347659096293414
Control_2022_Aug_B,control,0.95,LINKUSDT,8,interval,1,41.41193067549664,6.43521022776231,FEASIBLE_AT_STATED_RADIUS,0.0018246353321140817,0.09703464984902628,0.0018246338316779186,4.927739001646535,0.58636753399948
Control_2022_Aug_B,control,0.95,AVAXUSDT,9,interval,1,41.41193067549664,6.43521022776231,FEASIBLE_AT_STATED_RADIUS,0.003932358596841455,0.09401429203328573,0.00393235109369866,5.221596198775175,0.6583867600067254
Control_2022_Aug_B,control,0.95,TRXUSDT,10,interval,1,41.41193067549664,6.43521022776231,FEASIBLE_AT_STATED_RADIUS,0.0,0.05319275399146843,-2.1440844107875275e-09,3.2391644128834245,0.25336143286597895
Control_2022_Aug_B,control,0.95,DOTUSDT,11,interval,1,41.41193067549664,6.43521022776231,FEASIBLE_AT_STATED_RADIUS,0.0016996653959657287,0.08286125972596886,0.0016996504018337284,4.209414790933124,0.4278760394190208
Control_2022_Aug_B,control,0.95,ATOMUSDT,12,interval,1,41.41193067549664,6.43521022776231,FEASIBLE_AT_STATED_RADIUS,0.0,0.03577561901532458,-9.598580764799801e-09,5.064023585486661,0.6192499228136416
Control_2022_Aug_B,control,0.95,BCHUSDT,13,interval,1,41.41193067549664,6.43521022776231,FEASIBLE_AT_STATED_RADIUS,0.0,0.04453210510509193,-3.925154086611141e-09,4.168493423567548,0.4195973754154728
Control_2022_Aug_B,control,0.95,ETCUSDT,14,interval,1,41.41193067549664,6.43521022776231,ELLIPSOID_CONE_CONFLICT,0.021591321807973525,0.10195824233011862,0.02159131093064361,6.960748774103176,1.1700015600781404
Control_2022_Aug_B,control,0.95,FILUSDT,15,interval,1,41.41193067549664,6.43521022776231,FEASIBLE_AT_STATED_RADIUS,0.0,0.07807599701469076,-1.7085810519782595e-09,5.187423151400957,0.6497972567990619
Control_2022_Aug_B,control,0.95,NEARUSDT,16,interval,1,41.41193067549664,6.43521022776231,FEASIBLE_AT_STATED_RADIUS,0.02854647280305482,0.1145635059399432,0.028546471736507973,4.269621684197294,0.4402033189182894
Control_2022_Aug_B,control,0.95,UNIUSDT,17,interval,1,41.41193067549664,6.43521022776231,FEASIBLE_AT_STATED_RADIUS,0.0,0.0663569275678924,-1.859300087184993e-08,4.410309681183347,0.4696914914775653
Control_2022_Aug_B,control,0.97,BTCUSDT,0,interval,1,41.41193067549664,6.43521022776231,FEASIBLE_AT_STATED_RADIUS,0.02520035647687222,0.09826448133287799,0.025200340701191905,6.016149019552621,0.8740005219529624
Control_2022_Aug_B,control,0.97,ETHUSDT,1,interval,1,41.41193067549664,6.43521022776231,ELLIPSOID_CONE_CONFLICT,0.030835952695118695,0.11146497362048352,0.030835942200844162,7.061130261296582,1.2039902451710647
Control_2022_Aug_B,control,0.97,BNBUSDT,2,interval,1,41.41193067549664,6.43521022776231,FEASIBLE_AT_STATED_RADIUS,0.0,0.058248459091086176,-2.8334144441802982e-09,5.250422923516456,0.6656763021217552
Control_2022_Aug_B,control,0.97,SOLUSDT,3,interval,1,41.41193067549664,6.43521022776231,FEASIBLE_AT_STATED_RADIUS,0.004688060692585875,0.06680195787412115,0.0046880509223480955,4.948420730776443,0.5912998338729207
Control_2022_Aug_B,control,0.97,XRPUSDT,4,interval,1,41.41193067549664,6.43521022776231,FEASIBLE_AT_STATED_RADIUS,0.0,0.047067676579013805,-2.5523782627902237e-09,4.730405433629876,0.5403451421248353
Control_2022_Aug_B,control,0.97,ADAUSDT,5,interval,1,41.41193067549664,6.43521022776231,FEASIBLE_AT_STATED_RADIUS,0.0026116006193691883,0.06766988020433658,0.0026115982901071125,3.534887416596666,0.3017350035169206
Control_2022_Aug_B,control,0.97,DOGEUSDT,6,interval,1,41.41193067549664,6.43521022776231,FEASIBLE_AT_STATED_RADIUS,0.0,0.07592410791816621,-6.611313732800905e-09,4.241038299081625,0.4343290824863591
Control_2022_Aug_B,control,0.97,LTCUSDT,7,interval,1,41.41193067549664,6.43521022776231,FEASIBLE_AT_STATED_RADIUS,0.0,0.05104354458644179,-3.72836420674601e-09,3.9116132713004457,0.36947609383658075
Control_2022_Aug_B,control,0.97,LINKUSDT,8,interval,1,41.41193067549664,6.43521022776231,FEASIBLE_AT_STATED_RADIUS,0.0,0.05656134506428365,-1.1338705027070336e-09,5.203609579853428,0.6538587363077013
Control_2022_Aug_B,control,0.97,AVAXUSDT,9,interval,1,41.41193067549664,6.43521022776231,FEASIBLE_AT_STATED_RADIUS,0.000826739227054352,0.07275978767850895,0.0008267386580136332,4.468095241198408,0.4820802787693365
Control_2022_Aug_B,control,0.97,TRXUSDT,10,interval,1,41.41193067549664,6.43521022776231,FEASIBLE_AT_STATED_RADIUS,0.0,0.024408551958682335,-5.2851122887652255e-09,2.9104206121581884,0.20454366655953207
Control_2022_Aug_B,control,0.97,DOTUSDT,11,interval,1,41.41193067549664,6.43521022776231,FEASIBLE_AT_STATED_RADIUS,0.0,0.06473152602606036,-8.34944583436919e-10,2.2229536359150455,0.119326068280893
Control_2022_Aug_B,control,0.97,ATOMUSDT,12,interval,1,41.41193067549664,6.43521022776231,FEASIBLE_AT_STATED_RADIUS,0.0,0.02254841918403595,-1.2830233927191144e-08,5.037144248417148,0.6126935345802411
Control_2022_Aug_B,control,0.97,BCHUSDT,13,interval,1,41.41193067549664,6.43521022776231,FEASIBLE_AT_STATED_RADIUS,0.0,0.0387555685131482,-5.586086645624181e-09,3.5091744414576795,0.29736129322427773
Control_2022_Aug_B,control,0.97,ETCUSDT,14,interval,1,41.41193067549664,6.43521022776231,FEASIBLE_AT_STATED_RADIUS,0.008631902133710697,0.06708918232524162,0.00863189631016549,5.548766449885325,0.743476785872016
Control_2022_Aug_B,control,0.97,FILUSDT,15,interval,1,41.41193067549664,6.43521022776231,FEASIBLE_AT_STATED_RADIUS,0.0,0.0588380956870567,-8.792235224672835e-10,5.5684697642722,0.7487662374060955
Control_2022_Aug_B,control,0.97,NEARUSDT,16,interval,1,41.41193067549664,6.43521022776231,FEASIBLE_AT_STATED_RADIUS,0.006791256347303219,0.0708693142109374,0.0067912560393163166,3.852758391186941,0.3584413230374792
Control_2022_Aug_B,control,0.97,UNIUSDT,17,interval,1,41.41193067549664,6.43521022776231,FEASIBLE_AT_STATED_RADIUS,0.0,0.04516911917232829,-1.8283535220104471e-09,4.394895528172039,0.4664140596317404
Control_2022_Oct,control,0.95,BTCUSDT,0,interval,1,41.41193067549664,6.43521022776231,ELLIPSOID_CONE_CONFLICT,0.0638102844399438,0.19633414760737442,0.06381028271122771,7.206835184947905,1.254191063681438
Control_2022_Oct,control,0.95,ETHUSDT,1,interval,1,41.41193067549664,6.43521022776231,FEASIBLE_AT_STATED_RADIUS,0.05663382699990718,0.1855429357748437,0.05663382434244992,5.099308624111664,0.627909590781902
Control_2022_Oct,control,0.95,BNBUSDT,2,interval,1,41.41193067549664,6.43521022776231,FEASIBLE_AT_STATED_RADIUS,0.02632244343511729,0.1452510630299935,0.02632244311480167,3.716533791421875,0.3335421265677323
Control_2022_Oct,control,0.95,SOLUSDT,3,interval,1,41.41193067549664,6.43521022776231,FEASIBLE_AT_STATED_RADIUS,0.031067735316170263,0.15211284247330373,0.031067729103421662,4.4663862377042065,0.4817115671488625
Control_2022_Oct,control,0.95,XRPUSDT,4,interval,1,41.41193067549664,6.43521022776231,FEASIBLE_AT_STATED_RADIUS,0.011028653024840086,0.13076904296660397,0.011028650176537622,3.216358869788414,0.24980637730536182
Control_2022_Oct,control,0.95,ADAUSDT,5,interval,1,41.41193067549664,6.43521022776231,ELLIPSOID_CONE_CONFLICT,0.014773008680455725,0.13007172332633385,0.014773001669593151,7.745156580689984,1.4485547879780407
Control_2022_Oct,control,0.95,DOGEUSDT,6,interval,1,41.41193067549664,6.43521022776231,ELLIPSOID_CONE_CONFLICT,0.00965652800220599,0.12989973450329212,0.009656524508666277,6.638219694206915,1.0640885365586272
Control_2022_Oct,control,0.95,LTCUSDT,7,interval,1,41.41193067549664,6.43521022776231,ELLIPSOID_CONE_CONFLICT,0.03492795348448596,0.14026174361384025,0.03492795132459033,7.537788120048871,1.3720261001105447
Control_2022_Oct,control,0.95,LINKUSDT,8,interval,1,41.41193067549664,6.43521022776231,FEASIBLE_AT_STATED_RADIUS,0.01424640315674556,0.12838848657433383,0.014246388709610331,5.119773969806088,0.6329597551802536
Control_2022_Oct,control,0.95,AVAXUSDT,9,interval,1,41.41193067549664,6.43521022776231,FEASIBLE_AT_STATED_RADIUS,0.010677431015063011,0.12440683112607705,0.010677428829410036,3.1733949829790706,0.24317716063297173
Control_2022_Oct,control,0.95,TRXUSDT,10,interval,1,41.41193067549664,6.43521022776231,FEASIBLE_AT_STATED_RADIUS,0.0,0.054972075565734406,-2.667466696714341e-09,4.684961533537279,0.530013071419321
Control_2022_Oct,control,0.95,DOTUSDT,11,interval,1,41.41193067549664,6.43521022776231,FEASIBLE_AT_STATED_RADIUS,0.007878330560198071,0.11970694929188767,0.007878318486844567,5.205809544895228,0.6544117256952124
Control_2022_Oct,control,0.95,ATOMUSDT,12,interval,1,41.41193067549664,6.43521022776231,FEASIBLE_AT_STATED_RADIUS,0.02060507877969428,0.15211978340673288,0.020605061979836265,5.149671123519346,0.6403737340384451
Control_2022_Oct,control,0.95,BCHUSDT,13,interval,1,41.41193067549664,6.43521022776231,FEASIBLE_AT_STATED_RADIUS,0.0019652921763868452,0.1159084066967254,0.0019652840459724974,4.585563892110922,0.5077617938994893
Control_2022_Oct,control,0.95,ETCUSDT,14,interval,1,41.41193067549664,6.43521022776231,FEASIBLE_AT_STATED_RADIUS,0.03597284133485544,0.15404497272000905,0.0359728376123017,5.900578597005705,0.8407438921953682
Control_2022_Oct,control,0.95,FILUSDT,15,interval,1,41.41193067549664,6.43521022776231,FEASIBLE_AT_STATED_RADIUS,0.008526235901773382,0.125302481874902,0.00852622953928874,5.633360720689758,0.7663190894933962
Control_2022_Oct,control,0.95,NEARUSDT,16,interval,1,41.41193067549664,6.43521022776231,FEASIBLE_AT_STATED_RADIUS,0.027077633654928702,0.13961029407253148,0.0270776330213577,6.375547215585094,0.9815432807677801
Control_2022_Oct,control,0.95,UNIUSDT,17,interval,1,41.41193067549664,6.43521022776231,FEASIBLE_AT_STATED_RADIUS,0.02297534250667227,0.1217742828571602,0.022975336494438843,3.8644913618592467,0.36062780078788564
Control_2022_Oct,control,0.97,BTCUSDT,0,interval,1,41.41193067549664,6.43521022776231,ELLIPSOID_CONE_CONFLICT,0.03862399116020449,0.15090449519775648,0.03862398836823012,6.655158851503893,1.0695260669157258
Control_2022_Oct,control,0.97,ETHUSDT,1,interval,1,41.41193067549664,6.43521022776231,ELLIPSOID_CONE_CONFLICT,0.034429072225481194,0.13446053176691378,0.03442906766693631,6.662371369431517,1.0718455174678587
Control_2022_Oct,control,0.97,BNBUSDT,2,interval,1,41.41193067549664,6.43521022776231,FEASIBLE_AT_STATED_RADIUS,0.004010219198283012,0.10671128440113914,0.004010218446020086,2.3535818068678105,0.13376211230105164
Control_2022_Oct,control,0.97,SOLUSDT,3,interval,1,41.41193067549664,6.43521022776231,FEASIBLE_AT_STATED_RADIUS,0.03661720929255141,0.1366809570432218,0.03661720837942924,5.3224152725374285,0.6840565960403617
Control_2022_Oct,control,0.97,XRPUSDT,4,interval,1,41.41193067549664,6.43521022776231,FEASIBLE_AT_STATED_RADIUS,0.0,0.08882942996974064,-2.7097212287049366e-09,3.2253900468688776,0.2512112037460822
Control_2022_Oct,control,0.97,ADAUSDT,5,interval,1,41.41193067549664,6.43521022776231,FEASIBLE_AT_STATED_RADIUS,8.720191668278388e-07,0.11641724476648116,8.641568186937474e-07,6.123727648580967,0.9055371170169491
Control_2022_Oct,control,0.97,DOGEUSDT,6,interval,1,41.41193067549664,6.43521022776231,ELLIPSOID_CONE_CONFLICT,0.0,0.10704586818931769,-9.748038453946954e-09,7.521058944140644,1.3659427782899327
Control_2022_Oct,control,0.97,LTCUSDT,7,interval,1,41.41193067549664,6.43521022776231,FEASIBLE_AT_STATED_RADIUS,0.010932649321410859,0.10058866092006764,0.010932640321984722,6.245460534303441,0.9418970970271971
Control_2022_Oct,control,0.97,LINKUSDT,8,interval,1,41.41193067549664,6.43521022776231,FEASIBLE_AT_STATED_RADIUS,0.0,0.0903196671192227,-3.2355389733663376e-09,5.653293935354575,0.771751806742672
Control_2022_Oct,control,0.97,AVAXUSDT,9,interval,1,41.41193067549664,6.43521022776231,FEASIBLE_AT_STATED_RADIUS,0.010161706702093409,0.11682579050011142,0.010161701767841745,4.772906313736075,0.5500983486669687
Control_2022_Oct,control,0.97,TRXUSDT,10,interval,1,41.41193067549664,6.43521022776231,FEASIBLE_AT_STATED_RADIUS,0.0,0.050255568344646805,-6.90439417335253e-10,4.351070570703211,0.4571584758892075
Control_2022_Oct,control,0.97,DOTUSDT,11,interval,1,41.41193067549664,6.43521022776231,FEASIBLE_AT_STATED_RADIUS,0.0021445235067506815,0.08175296564435704,0.0021445179402237178,5.932458702292937,0.8498533074970944
Control_2022_Oct,control,0.97,ATOMUSDT,12,interval,1,41.41193067549664,6.43521022776231,FEASIBLE_AT_STATED_RADIUS,0.013742384168978052,0.1264765310530908,0.013742379217637568,6.0386213430569535,0.8805420836464213
Control_2022_Oct,control,0.97,BCHUSDT,13,interval,1,41.41193067549664,6.43521022776231,FEASIBLE_AT_STATED_RADIUS,0.0,0.08037130068070693,-1.4692981632771682e-08,5.060474126715954,0.618382141799393
Control_2022_Oct,control,0.97,ETCUSDT,14,interval,1,41.41193067549664,6.43521022776231,FEASIBLE_AT_STATED_RADIUS,0.016611462416892,0.11624914175714683,0.016611456625521045,5.3117971789067076,0.681329964809782
Control_2022_Oct,control,0.97,FILUSDT,15,interval,1,41.41193067549664,6.43521022776231,FEASIBLE_AT_STATED_RADIUS,0.002228500316340821,0.11475305262394436,0.0022284930693867236,4.863701091064309,0.5712264054671836
Control_2022_Oct,control,0.97,NEARUSDT,16,interval,1,41.41193067549664,6.43521022776231,FEASIBLE_AT_STATED_RADIUS,0.0008734641735730636,0.09944827947047233,0.000873459488946221,6.034783697235008,0.8794232405581192
Control_2022_Oct,control,0.97,UNIUSDT,17,interval,1,41.41193067549664,6.43521022776231,FEASIBLE_AT_STATED_RADIUS,0.007110940318114233,0.10730565876060065,0.007110925099326805,3.96751846160272,0.38011274737481526
Control_2023_Jan,control,0.95,BTCUSDT,0,interval,1,41.41193067549664,6.43521022776231,ELLIPSOID_CONE_CONFLICT,0.0559693930937922,0.17361466141203333,0.05596938361007629,9.699846067885305,2.271978442104877
Control_2023_Jan,control,0.95,ETHUSDT,1,interval,1,41.41193067549664,6.43521022776231,ELLIPSOID_CONE_CONFLICT,0.046384899509854936,0.16110032965580395,0.046384893222709785,9.704409006011872,2.2741164833371994
Control_2023_Jan,control,0.95,BNBUSDT,2,interval,1,41.41193067549664,6.43521022776231,ELLIPSOID_CONE_CONFLICT,0.0009803726845415979,0.12510913889524225,0.0009803640548894646,12.207692601048436,3.5986672490464726
Control_2023_Jan,control,0.95,SOLUSDT,3,interval,1,41.41193067549664,6.43521022776231,ELLIPSOID_CONE_CONFLICT,0.018648622975190075,0.13825206222054978,0.0186486433146402,9.883589838024523,2.3588696902774897
Control_2023_Jan,control,0.95,XRPUSDT,4,interval,1,41.41193067549664,6.43521022776231,ELLIPSOID_CONE_CONFLICT,0.0,0.11118829345439893,0.006104927593107189,12.724910277862156,3.9100650208383465
Control_2023_Jan,control,0.95,ADAUSDT,5,interval,1,41.41193067549664,6.43521022776231,ELLIPSOID_CONE_CONFLICT,0.01722114855034433,0.13257768568174663,0.017221147556024368,8.20477639054188,1.625578776954381
Control_2023_Jan,control,0.95,DOGEUSDT,6,interval,1,41.41193067549664,6.43521022776231,ELLIPSOID_CONE_CONFLICT,0.02307627057828608,0.14526854187428276,0.023076266369985277,8.35063268930576,1.6838883185169355
Control_2023_Jan,control,0.95,LTCUSDT,7,interval,1,41.41193067549664,6.43521022776231,ELLIPSOID_CONE_CONFLICT,0.006747257405936399,0.12101600116720311,0.01492306420875836,7.5979433573483455,1.3940123611679818
Control_2023_Jan,control,0.95,LINKUSDT,8,interval,1,41.41193067549664,6.43521022776231,ELLIPSOID_CONE_CONFLICT,0.02244516080156934,0.13621465466701463,0.022445705912056246,9.322179882069769,2.0985024444920817
Control_2023_Jan,control,0.95,AVAXUSDT,9,interval,1,41.41193067549664,6.43521022776231,ELLIPSOID_CONE_CONFLICT,0.02889380481938748,0.14732122466980985,0.02889383583544688,9.065437159839094,1.9845042131208466
Control_2023_Jan,control,0.95,TRXUSDT,10,interval,1,41.41193067549664,6.43521022776231,ELLIPSOID_CONE_CONFLICT,0.026030710020343885,0.14340572602120386,0.05339683365230563,8.657952733628521,1.8101098962309277
Control_2023_Jan,control,0.95,DOTUSDT,11,interval,1,41.41193067549664,6.43521022776231,ELLIPSOID_CONE_CONFLICT,0.019637125728379196,0.13300068768437703,0.08352727694601698,11.635221996258831,3.269067360395454
Control_2023_Jan,control,0.95,ATOMUSDT,12,interval,1,41.41193067549664,6.43521022776231,ELLIPSOID_CONE_CONFLICT,0.023189784124207885,0.14077777677367756,0.02842770911407117,8.597750811686037,1.7850246973292412
Control_2023_Jan,control,0.95,BCHUSDT,13,interval,1,41.41193067549664,6.43521022776231,FEASIBLE_AT_STATED_RADIUS,0.02603420009524273,0.14436016291623793,0.03722163290122743,6.297894608237414,0.9577789745488655
Control_2023_Jan,control,0.95,ETCUSDT,14,interval,1,41.41193067549664,6.43521022776231,ELLIPSOID_CONE_CONFLICT,0.02445450957104414,0.15339122311029782,0.049601917358390965,9.864295280743999,2.349668798303169
Control_2023_Jan,control,0.95,FILUSDT,15,interval,1,41.41193067549664,6.43521022776231,FEASIBLE_AT_STATED_RADIUS,0.009070146957133136,0.1305665278136863,0.009070146962763101,6.176576598929657,0.9212344814683752
Control_2023_Jan,control,0.95,NEARUSDT,16,interval,1,41.41193067549664,6.43521022776231,ELLIPSOID_CONE_CONFLICT,0.035981048854218725,0.16335401426930557,0.05118490513881005,9.454897205246867,2.158679387886639
Control_2023_Jan,control,0.95,UNIUSDT,17,interval,1,41.41193067549664,6.43521022776231,ELLIPSOID_CONE_CONFLICT,0.0,0.1024086978793425,0.02620316378341991,8.30772321378137,1.6666275604880172
Control_2023_Jan,control,0.97,BTCUSDT,0,interval,1,41.41193067549664,6.43521022776231,ELLIPSOID_CONE_CONFLICT,0.030441217614396165,0.14066998995973704,0.03715962393330349,7.86871312742817,1.4951402958470703
Control_2023_Jan,control,0.97,ETHUSDT,1,interval,1,41.41193067549664,6.43521022776231,ELLIPSOID_CONE_CONFLICT,0.01152770849659175,0.11351109525061347,0.011527710977365989,9.440106826306593,2.151930987965501
Control_2023_Jan,control,0.97,BNBUSDT,2,interval,1,41.41193067549664,6.43521022776231,ELLIPSOID_CONE_CONFLICT,0.0,0.08340434416609462,-7.963839815818254e-09,9.89797647666896,2.3657418703895567
Control_2023_Jan,control,0.97,SOLUSDT,3,interval,1,41.41193067549664,6.43521022776231,ELLIPSOID_CONE_CONFLICT,0.0,0.11518251001316832,-2.300569374581439e-09,9.381294024388742,2.1252010262855596
Control_2023_Jan,control,0.97,XRPUSDT,4,interval,1,41.41193067549664,6.43521022776231,ELLIPSOID_CONE_CONFLICT,0.0,0.08346366294220965,-3.280079902727063e-09,10.653293308341123,2.740578776750902
Control_2023_Jan,control,0.97,ADAUSDT,5,interval,1,41.41193067549664,6.43521022776231,ELLIPSOID_CONE_CONFLICT,0.0024952604986022624,0.11798387194292644,0.0024952576652799447,7.284623311834532,1.2814118040316822
Control_2023_Jan,control,0.97,DOGEUSDT,6,interval,1,41.41193067549664,6.43521022776231,ELLIPSOID_CONE_CONFLICT,0.0048853574491439,0.11473524522057735,0.004885370754595971,7.670200851247179,1.4206529408029678
Control_2023_Jan,control,0.97,LTCUSDT,7,interval,1,41.41193067549664,6.43521022776231,FEASIBLE_AT_STATED_RADIUS,0.006128284584222424,0.11629106369577151,0.01214907373474906,5.87943474349215,0.8347293241132628
Control_2023_Jan,control,0.97,LINKUSDT,8,interval,1,41.41193067549664,6.43521022776231,ELLIPSOID_CONE_CONFLICT,0.0,0.10268322148453422,6.534316548540841e-08,9.123584802286782,2.0100439242203976
Control_2023_Jan,control,0.97,AVAXUSDT,9,interval,1,41.41193067549664,6.43521022776231,ELLIPSOID_CONE_CONFLICT,0.0038917888257434486,0.11605642661019167,0.03233538484033025,8.011763514474598,1.549996669192883
Control_2023_Jan,control,0.97,TRXUSDT,10,interval,1,41.41193067549664,6.43521022776231,ELLIPSOID_CONE_CONFLICT,0.002758585215200441,0.11257702865619464,0.01810578220666865,8.497346292215193,1.7435771004163008
Control_2023_Jan,control,0.97,DOTUSDT,11,interval,1,41.41193067549664,6.43521022776231,ELLIPSOID_CONE_CONFLICT,0.003852400012283793,0.1052822918196108,0.04078182226915727,9.467081729492076,2.1642467523474824
Control_2023_Jan,control,0.97,ATOMUSDT,12,interval,1,41.41193067549664,6.43521022776231,ELLIPSOID_CONE_CONFLICT,0.004397880964418966,0.11106909559093468,0.004397876991978719,10.07771155938023,2.4524398794610875
Control_2023_Jan,control,0.97,BCHUSDT,13,interval,1,41.41193067549664,6.43521022776231,FEASIBLE_AT_STATED_RADIUS,0.011710781900805484,0.12034921010966584,0.025126684197767653,5.7841640655786835,0.8078965020901068
Control_2023_Jan,control,0.97,ETCUSDT,14,interval,1,41.41193067549664,6.43521022776231,ELLIPSOID_CONE_CONFLICT,0.01282674503759921,0.12209973705781463,0.012826749753703024,10.129731501998533,2.477823627848785
Control_2023_Jan,control,0.97,FILUSDT,15,interval,1,41.41193067549664,6.43521022776231,FEASIBLE_AT_STATED_RADIUS,0.0,0.10650363770586102,-1.1845626831975514e-08,5.1395136625065145,0.6378500170416009
Control_2023_Jan,control,0.97,NEARUSDT,16,interval,1,41.41193067549664,6.43521022776231,ELLIPSOID_CONE_CONFLICT,0.009275166543139216,0.1281080542118669,0.018677057589830088,7.270992118228096,1.2766206627168095
Control_2023_Jan,control,0.97,UNIUSDT,17,interval,1,41.41193067549664,6.43521022776231,ELLIPSOID_CONE_CONFLICT,0.0011122360426274976,0.09688128676431522,0.013278737738135501,11.931120161404358,3.43745452056643
Control_2023_Feb,control,0.95,BTCUSDT,0,interval,1,41.41193067549664,6.43521022776231,ELLIPSOID_CONE_CONFLICT,0.027617361370766237,0.14338751481268203,0.02761735557219104,7.142796168560273,1.2320009300070491
Control_2023_Feb,control,0.95,ETHUSDT,1,interval,1,41.41193067549664,6.43521022776231,ELLIPSOID_CONE_CONFLICT,0.025899812506398695,0.15218995099968274,0.025899807334084063,6.866941416206514,1.1386787248128418
Control_2023_Feb,control,0.95,BNBUSDT,2,interval,1,41.41193067549664,6.43521022776231,ELLIPSOID_CONE_CONFLICT,0.03363429638326971,0.14835150678592143,0.0336342970810803,7.133844002723748,1.2289146974089311
Control_2023_Feb,control,0.95,SOLUSDT,3,interval,1,41.41193067549664,6.43521022776231,FEASIBLE_AT_STATED_RADIUS,0.03070997641618561,0.1443802513392545,0.030709974651197135,3.553133682890741,0.3048580146484879
Control_2023_Feb,control,0.95,XRPUSDT,4,interval,1,41.41193067549664,6.43521022776231,FEASIBLE_AT_STATED_RADIUS,0.007135163905479411,0.12539697738252004,0.007135165751784058,5.011407160041298,0.6064484633790138
Control_2023_Feb,control,0.95,ADAUSDT,5,interval,1,41.41193067549664,6.43521022776231,FEASIBLE_AT_STATED_RADIUS,0.028158243696435967,0.15213828788498315,0.028158240063704557,6.299575799951125,0.9582903914888272
Control_2023_Feb,control,0.95,DOGEUSDT,6,interval,1,41.41193067549664,6.43521022776231,ELLIPSOID_CONE_CONFLICT,0.00020443029511146588,0.1377663270768478,0.00020443009378062546,6.5491554882339615,1.0357265867452976
Control_2023_Feb,control,0.95,LTCUSDT,7,interval,1,41.41193067549664,6.43521022776231,ELLIPSOID_CONE_CONFLICT,0.0,0.10046934431555822,-2.6485527777240706e-08,7.316031414980533,1.2924853971286179
Control_2023_Feb,control,0.95,LINKUSDT,8,interval,1,41.41193067549664,6.43521022776231,FEASIBLE_AT_STATED_RADIUS,0.018671762370571762,0.14334353263761399,0.018671765427511724,5.426020027212159,0.7109471317918541
Control_2023_Feb,control,0.95,AVAXUSDT,9,interval,1,41.41193067549664,6.43521022776231,ELLIPSOID_CONE_CONFLICT,8.28053349933556e-05,0.11898930655899571,8.279464144701537e-05,7.880573305454624,1.4996508158309678
Control_2023_Feb,control,0.95,TRXUSDT,10,interval,1,41.41193067549664,6.43521022776231,ELLIPSOID_CONE_CONFLICT,0.0,0.10130686436333043,-1.6123459255215572e-08,6.773530575469219,1.1079105878046853
Control_2023_Feb,control,0.95,DOTUSDT,11,interval,1,41.41193067549664,6.43521022776231,FEASIBLE_AT_STATED_RADIUS,0.025103828054374926,0.13226117296105114,0.025103826164859254,4.023883875386946,0.3909897746491599
Control_2023_Feb,control,0.95,ATOMUSDT,12,interval,1,41.41193067549664,6.43521022776231,FEASIBLE_AT_STATED_RADIUS,0.0,0.08627052748896358,0.016276789123237097,5.27223665890908,0.6712191132878501
Control_2023_Feb,control,0.95,BCHUSDT,13,interval,1,41.41193067549664,6.43521022776231,FEASIBLE_AT_STATED_RADIUS,0.002557076454975039,0.11926460919830045,0.002557074207575033,4.469493726305415,0.482382102056967
Control_2023_Feb,control,0.95,ETCUSDT,14,interval,1,41.41193067549664,6.43521022776231,FEASIBLE_AT_STATED_RADIUS,0.00798175583200813,0.12445540027945817,0.01318870925106117,4.477768343042911,0.4841698758522515
Control_2023_Feb,control,0.95,FILUSDT,15,interval,1,41.41193067549664,6.43521022776231,FEASIBLE_AT_STATED_RADIUS,0.0,0.07915535415627022,-9.27017947794261e-10,5.825082711053529,0.8193674633646575
Control_2023_Feb,control,0.95,NEARUSDT,16,interval,1,41.41193067549664,6.43521022776231,FEASIBLE_AT_STATED_RADIUS,0.0018506793940481442,0.12116167645650967,0.0018506773771349923,4.679069452571082,0.5286807590194846
Control_2023_Feb,control,0.95,UNIUSDT,17,interval,1,41.41193067549664,6.43521022776231,FEASIBLE_AT_STATED_RADIUS,0.015870568278758247,0.14311059899108386,0.016309935956528673,5.293858403353808,0.6767358183409216
Control_2023_Feb,control,0.97,BTCUSDT,0,interval,1,41.41193067549664,6.43521022776231,ELLIPSOID_CONE_CONFLICT,0.017036974361242005,0.12371037091884214,0.017036947529170864,8.553284725225128,1.766608762195609
Control_2023_Feb,control,0.97,ETHUSDT,1,interval,1,41.41193067549664,6.43521022776231,ELLIPSOID_CONE_CONFLICT,0.015040563852426157,0.11621901193331234,0.015040562730778965,8.784733060641518,1.863509710557647
Control_2023_Feb,control,0.97,BNBUSDT,2,interval,1,41.41193067549664,6.43521022776231,ELLIPSOID_CONE_CONFLICT,0.004642891264291887,0.10106761419915618,0.004642890446094819,8.006334083478864,1.547896570159285
Control_2023_Feb,control,0.97,SOLUSDT,3,interval,1,41.41193067549664,6.43521022776231,FEASIBLE_AT_STATED_RADIUS,0.0,0.08164052015977473,-1.7185449418471266e-08,5.7254639090203145,0.791581953286969
Control_2023_Feb,control,0.97,XRPUSDT,4,interval,1,41.41193067549664,6.43521022776231,FEASIBLE_AT_STATED_RADIUS,0.0,0.08429077005234313,-7.5422121231452e-09,4.972283831995357,0.5970165143870325
Control_2023_Feb,control,0.97,ADAUSDT,5,interval,1,41.41193067549664,6.43521022776231,FEASIBLE_AT_STATED_RADIUS,0.005559140406061384,0.11093361757888745,0.005559138332955238,5.6672260923822115,0.7755603532192133
Control_2023_Feb,control,0.97,DOGEUSDT,6,interval,1,41.41193067549664,6.43521022776231,ELLIPSOID_CONE_CONFLICT,0.0,0.09666281459403656,6.155323341107372e-09,8.023136141019965,1.5544002051425425
Control_2023_Feb,control,0.97,LTCUSDT,7,interval,1,41.41193067549664,6.43521022776231,FEASIBLE_AT_STATED_RADIUS,0.0,0.05363350598690945,-1.219861608005365e-08,5.552267662955627,0.7444153338966014
Control_2023_Feb,control,0.97,LINKUSDT,8,interval,1,41.41193067549664,6.43521022776231,FEASIBLE_AT_STATED_RADIUS,0.0,0.10382736467970953,-1.2485801238308386e-08,5.729904068574358,0.7928101901921587
Control_2023_Feb,control,0.97,AVAXUSDT,9,interval,1,41.41193067549664,6.43521022776231,ELLIPSOID_CONE_CONFLICT,0.0,0.10984418133011781,-1.8050706969091162e-08,7.912408669466775,1.511791648721583
Control_2023_Feb,control,0.97,TRXUSDT,10,interval,1,41.41193067549664,6.43521022776231,FEASIBLE_AT_STATED_RADIUS,0.0,0.06518301012924933,-3.121179577924312e-09,4.677799339345527,0.5283937817496848
Control_2023_Feb,control,0.97,DOTUSDT,11,interval,1,41.41193067549664,6.43521022776231,FEASIBLE_AT_STATED_RADIUS,0.0,0.08382805978304525,4.275675894196461e-08,6.428386060233561,0.9978802404365218
Control_2023_Feb,control,0.97,ATOMUSDT,12,interval,1,41.41193067549664,6.43521022776231,FEASIBLE_AT_STATED_RADIUS,0.0,0.05701402422489898,0.012230254635510708,4.907168440768697,0.581482237444306
Control_2023_Feb,control,0.97,BCHUSDT,13,interval,1,41.41193067549664,6.43521022776231,FEASIBLE_AT_STATED_RADIUS,0.0,0.07159780168412366,-8.579110214615418e-09,4.935152832802977,0.5881332525637228
Control_2023_Feb,control,0.97,ETCUSDT,14,interval,1,41.41193067549664,6.43521022776231,FEASIBLE_AT_STATED_RADIUS,0.0014782139446528667,0.09508869585419506,0.03733084286084969,5.059915899935811,0.6182457204192204
Control_2023_Feb,control,0.97,FILUSDT,15,interval,1,41.41193067549664,6.43521022776231,FEASIBLE_AT_STATED_RADIUS,0.0,0.05486079927895413,0.02977785857895236,5.076594200161349,0.622328113003458
Control_2023_Feb,control,0.97,NEARUSDT,16,interval,1,41.41193067549664,6.43521022776231,FEASIBLE_AT_STATED_RADIUS,0.0,0.06626390077162145,-5.519175481759072e-09,6.402611204416628,0.9898942059993613
Control_2023_Feb,control,0.97,UNIUSDT,17,interval,1,41.41193067549664,6.43521022776231,FEASIBLE_AT_STATED_RADIUS,0.0,0.09080170444732295,0.06512735132395553,5.164325181756763,0.6440234528526283
